name,countries,categories,currency,denominations,discount,expiry,url
"Eventim Germany","DE","craft; travel-and-leisure","EUR","10; 15; 20; 25; 50; 100","2","3 years","https://assets.tillo.io/images/brands/vouchers/330x214/eventim-de.jpg"
"Ember Inns","GB","food-and-drink","GBP","10; 25; 50; 100; 250","12","2 years from last load.","https://assets.tillo.io/images/brands/vouchers/330x214/ember-inns.jpg"
"Takeaway.com","BE","food-and-drink","EUR","10; 25; 50; 100","5.5","12 months after purchase","https://assets.tillo.io/images/brands/vouchers/330x214/just-eat-be.jpg"
"HelloFresh","GB","food-and-drink","GBP","15; 25; 30; 45; 55","10","12 months from activation or last use","https://assets.tillo.io/images/brands/vouchers/330x214/hello-fresh.jpg"
"IKEA Italy","IT","","EUR","25; 50; 100; 250; 500","4","12 Months","https://assets.tillo.io/images/brands/vouchers/330x214/ikea-it.jpg"
"Rumbo Spain Travel Gift Card","ES","travel-and-leisure","EUR","10; 25; 50; 100; 250","7.5","12 months from activation","https://assets.tillo.io/images/brands/vouchers/330x214/rumbo-es.jpg"
"Pampling Germany","DE","fashion; electronics; gaming; jewellery","EUR","30; 40; 50","14","2 years","https://assets.tillo.io/images/brands/vouchers/330x214/pampling-de.jpg"
"QC Terme Soggiorni Italy","IT","","EUR","248; 348; 398; 498","9","6 months","https://assets.tillo.io/images/brands/vouchers/330x214/qc-terme-soggiorni-it.jpg"
"E.M.P. Merchandising Germany","DE","fashion; jewellery","EUR","15; 25; 50","7","3 years","https://assets.tillo.io/images/brands/vouchers/330x214/emp-merchandising-de.jpg"
"Takeaway Luxembourg","LU","food-and-drink","EUR","10; 25; 50; 100","5.5","N/A","https://assets.tillo.io/images/brands/vouchers/330x214/takeaway-lu.jpg"
"Weekendje Weg BE & NL","NL","travel-and-leisure","EUR","50; 100","7","2 years","https://assets.tillo.io/images/brands/vouchers/330x214/weekendje-weg-nl.jpg"
"Auchan France","FR","other","EUR","10; 25; 50; 100","2","1 year","https://assets.tillo.io/images/brands/vouchers/330x214/auchan-fr.jpg"
"Coin Italy","IT","department-store","EUR","10; 25; 50; 100","5","6 months","https://assets.tillo.io/images/brands/vouchers/330x214/coin-it.jpg"
"Roblox United Kingdom","GB","gaming","GBP","10; 25; 50; 100","7","No Expiry","https://assets.tillo.io/images/brands/vouchers/330x214/roblox-uk.jpg"
"Conrad Germany","DE","electronics","EUR","10; 15; 20; 25; 30; 35; 40; 44; 45; 50; 60; 70; 80; 90; 100; 150; 200; 250; 300; 350; 400; 450; 500","6","3 years","https://assets.tillo.io/images/brands/vouchers/330x214/conrad-de.jpg"
"Romantik Hotels & Restaurants Germany","DE","beauty; craft; travel-and-leisure","EUR","50; 100; 250","5","30 months","https://assets.tillo.io/images/brands/vouchers/330x214/romantik-hotels-and-restaurants-de.jpg"
"Call a Bike Germany","DE","other","EUR","25; 50","7","2 years","https://assets.tillo.io/images/brands/vouchers/330x214/call-a-bike-de.jpg"
"The National Garden Centre","GB","craft; home; other","GBP","10; 25; 50; 100; 250","9","Expires 30 months after the date of purchase","https://assets.tillo.io/images/brands/vouchers/330x214/the-national-garden-centre.jpg"
"lastminute.com Belgium Holiday Gift Card - Flight + Hotel Packages","BE","travel-and-leisure","EUR","10; 25; 50; 100; 250; 500; 1000; 2000","5.5","12 Months from Activation","https://assets.tillo.io/images/brands/vouchers/330x214/lastminute-holiday-be.jpg"
"PRENATAL Italy","IT","baby","EUR","10; 25; 50; 100; 200; 250","6","12 months","https://assets.tillo.io/images/brands/vouchers/330x214/prenatal-it.jpg"
"Tezenis Belgium","BE","fashion","EUR","20; 30; 50; 100","5.5","3 Years","https://assets.tillo.io/images/brands/vouchers/330x214/tezenis-be.jpg"
"ETERNA Germany","DE","fashion; jewellery","EUR","10; 15; 20; 50; 100","14","3 years","https://assets.tillo.io/images/brands/vouchers/330x214/eterna-de.jpg"
"koffer.de Germany","DE","craft; travel-and-leisure","EUR","50","7","3 years","https://assets.tillo.io/images/brands/vouchers/330x214/koffer-de.jpg"
"Sephora Italy","IT","beauty","EUR","25; 50; 100","5","12 Months","https://assets.tillo.io/images/brands/vouchers/330x214/sephora-it.jpg"
"Xbox Game Pass Core UK","GB","gaming","GBP","17.99; 29.99","15.7","No Expiry.","https://assets.tillo.io/images/brands/vouchers/330x214/xbox-game-pass-core-uk.jpg"
"Grand Vision Italy","IT","other","EUR","25; 50; 100; 150; 200","5","1 year","https://assets.tillo.io/images/brands/vouchers/330x214/grand-vision-italy-it.jpg"
"Harvester","GB","food-and-drink","GBP","10; 25; 50; 100; 250","12","2 years from last load.","https://assets.tillo.io/images/brands/vouchers/330x214/harvester.jpg"
"Lastminute.com France Holiday Gift Card - Flight + Hotel Packages","FR","travel-and-leisure","EUR","10; 25; 50; 100; 250; 500; 1000; 2000","5.5","12 months from activation","https://assets.tillo.io/images/brands/vouchers/330x214/last-minute-holiday-gift-fr.jpg"
"Dots.eco - Protect 10 sqf of wildlife habitat EUR","IE; AT; BE; HR; CY; EE; FI; FR; DE; GR; IT; LV; LT; LU; MT; NL; PT; SK; SI; ES","charity","EUR","10; 25; 50; 100; 250; 500; 1000; 2000; 3000; 4000; 5000","29.65","N/A","https://assets.tillo.io/images/brands/vouchers/330x214/protect-wildlife-habitat-eur.jpg"
"Iceland","GB","supermarket","GBP","10; 25; 50; 100; 250; 500","4","24 months from activation","https://assets.tillo.io/images/brands/vouchers/330x214/iceland.jpg"
"lastminute.com UK Flight Only Gift Card","GB","travel-and-leisure","GBP","10; 25; 50; 100; 250; 500; 1000; 2000","2.35","12 months from activation","https://assets.tillo.io/images/brands/vouchers/330x214/last-minute-flight-only.jpg"
"Calzedonia Spain","ES","fashion","EUR","30; 50; 70; 100","5.5","3 years","https://assets.tillo.io/images/brands/vouchers/330x214/calzedonia-es.jpg"
"Falconeri Italy","IT","fashion","EUR","30; 75; 100; 150; 200; 250","4","36 months from purchase","https://assets.tillo.io/images/brands/vouchers/330x214/falconeri.jpg"
"UTRY.ME Germany","DE","food-and-drink","EUR","30","22","18 months","https://assets.tillo.io/images/brands/vouchers/330x214/utry-de.jpg"
"World of Sweets Germany","DE","food-and-drink","EUR","15; 25; 50","13","3 years","https://assets.tillo.io/images/brands/vouchers/330x214/world-of-sweets-de.jpg"
"Abbonamenti.it","IT","","EUR","20; 30","7","12 months","https://assets.tillo.io/images/brands/vouchers/330x214/abbonamenti-it.jpg"
"Toby Carvery","GB","food-and-drink","GBP","10; 25; 50; 100; 250","12","2 years from last load.","https://assets.tillo.io/images/brands/vouchers/330x214/toby-carvery.jpg"
"Mayersche Buchhandlung Germany","DE","books; music","EUR","10; 15; 20; 25; 44; 50","9","N/A","https://assets.tillo.io/images/brands/vouchers/330x214/mayersche-buchhandlung-de.jpg"
"Blacksocks Germany","DE","fashion; jewellery","EUR","10; 15; 20; 50","14","1 year","https://assets.tillo.io/images/brands/vouchers/330x214/blacksocks-de.jpg"
"adidas","GB","fashion; sports","GBP","10; 25; 50; 100; 250; 500","13","3 years","https://assets.tillo.io/images/brands/vouchers/330x214/adidas.jpg"
"Conad Italy","IT","supermarket","EUR","30; 50; 100; 150","0.5","12 months","https://assets.tillo.io/images/brands/vouchers/330x214/conad-it.jpg"
"Just Eat","GB","food-and-drink","GBP","10; 25; 50; 100; 250; 500","5","12 months from date of purchase","https://assets.tillo.io/images/brands/vouchers/330x214/just-eat.jpg"
"Dots.eco - Offset 10 kgs of CARBON EMISSIONS EUR","IE; AT; BE; HR; CY; EE; FI; FR; DE; GR; IT; LV; LT; LU; MT; NL; PT; SK; SI; ES","charity","EUR","10; 25; 50; 100; 250; 500; 1000; 2000; 3000; 4000; 5000","29.65","N/A","https://assets.tillo.io/images/brands/vouchers/330x214/offset-carbon-emissions-eur.jpg"
"HEMA Netherlands","NL","home","EUR","10; 20; 50; 100","1.5","No expiry","https://assets.tillo.io/images/brands/vouchers/330x214/hema-nl.jpg"
"Hoepli.it Italy","IT","books","EUR","15; 25; 35; 50","5","N/A","https://assets.tillo.io/images/brands/vouchers/330x214/hoepli-it-it.jpg"
"Mango Italy","IT","fashion","EUR","25","9","12 months","https://assets.tillo.io/images/brands/vouchers/330x214/mango-it.jpg"
"The Global Experiences Card","GB","travel-and-leisure","GBP","25; 50; 100; 250; 500","10","No expiry","https://assets.tillo.io/images/brands/vouchers/330x214/global-experiences-card.jpg"
"lastminute.com Netherlands Travel Gift Card","NL","travel-and-leisure","EUR","10; 25; 50; 100; 250; 500; 1000; 2000; 3000; 4000","2.35","12 Months from Activation","https://assets.tillo.io/images/brands/vouchers/330x214/lastminute-nl.jpg"
"M&S Ireland","GB; IE","department-store; fashion; food-and-drink; home; supermarket","EUR","10; 25; 50; 100; 250; 500; 1000","6.5","48 months after last use (balance check, redemption, refund etc)","https://assets.tillo.io/images/brands/vouchers/330x214/ms-ireland.jpg"
"Alì&Alìper Italy","IT","food-and-drink; supermarket","EUR","10; 25; 50; 100","2.5","12 mesi","https://assets.tillo.io/images/brands/vouchers/330x214/ali-and-aliper-it.jpg"
"lastminute.com Ireland Travel Gift Card","IE","","EUR","10; 25; 50; 100; 250; 500; 1000; 2000; 3000; 4000","2.35","5 Years","https://assets.tillo.io/images/brands/vouchers/330x214/last-minute-ie.jpg"
"Stardust Pass Italy","IT","tv-and-movies","EUR","25; 50; 100","2","6 months","https://assets.tillo.io/images/brands/vouchers/330x214/stardust-pass-it.jpg"
"Google Play Germany","DE","books; gaming; music","EUR","10; 15; 20; 25; 30; 35; 40; 44; 45; 50; 55; 60; 65; 70; 75; 80; 85; 90; 95; 100; 150; 200; 250; 300; 350; 400; 450; 500","3.5","3 years","https://assets.tillo.io/images/brands/vouchers/330x214/google-play-de.jpg"
"Sony PSN Italy","IT","gaming","EUR","10; 20; 50; 60; 80; 100; 150; 200; 250","7","12 Months","https://assets.tillo.io/images/brands/vouchers/330x214/sony-psn-it.jpg"
"AirlineGift DE","DE","travel-and-leisure","EUR","50; 100; 250; 500; 1000; 2000; 3000; 4000; 5000","7.5","3 years from activation or last use","https://assets.tillo.io/images/brands/vouchers/330x214/airlinegift-de.jpg"
"Leroy Merlin France","FR","department-store","EUR","10; 25; 50; 100; 150","2","1 year","https://assets.tillo.io/images/brands/vouchers/330x214/leroy-merlin-fr.jpg"
"Tinder Plus & Gold UK","GB","other","GBP","17; 27","15","36 Months","https://assets.tillo.io/images/brands/vouchers/330x214/tinder-plus-uk.jpg"
"Apteekkituotteet.fi","FI","beauty","EUR","10; 20; 30; 40; 50; 60; 70; 80; 90; 100","4","No Expiry","https://assets.tillo.io/images/brands/vouchers/330x214/apteekkituotteet-fi.jpg"
"Dots.eco - Protect 10 sqm of Marine Habitat UK","GB","charity","GBP","10; 25; 50; 100; 250; 500; 1000; 2000; 3000; 4000; 5000","38","N/A","https://assets.tillo.io/images/brands/vouchers/330x214/protect-marine-uk.jpg"
"Inspire Travel Germany","DE","travel-and-leisure","EUR","10; 25; 50; 100; 250; 500; 1000; 2000; 3000","6","18 months from date of issue (Can be extended if requested via Inspire Customer Service)","https://assets.tillo.io/images/brands/vouchers/330x214/inspire-travel-de.jpg"
"walzvital Germany","DE","beauty","EUR","25; 50","7","5 years","https://assets.tillo.io/images/brands/vouchers/330x214/walzvital-de.jpg"
"Sephora Portugal","PT","beauty","EUR","25; 50; 100","5","12 Months","https://assets.tillo.io/images/brands/vouchers/330x214/sephora-pt.jpg"
"eSimChoice UK","GB","electronics; travel-and-leisure","GBP","15; 20; 25; 30; 40; 50; 75; 100","10","12 Months","https://assets.tillo.io/images/brands/vouchers/330x214/esimchoice-uk.jpg"
"Intimissimi Austria","AT","fashion","EUR","30; 50; 70; 100","5.5","3 years","https://assets.tillo.io/images/brands/vouchers/330x214/intimissimi-at.jpg"
"Sizzling Pubs","GB","food-and-drink","GBP","10; 25; 50; 100; 250","12","2 years from last load.","https://assets.tillo.io/images/brands/vouchers/330x214/sizzling-pubs.jpg"
"Apollo-Optik Germany","DE","beauty; fashion; jewellery","EUR","10; 15; 25; 50; 100; 150","10","3 years","https://assets.tillo.io/images/brands/vouchers/330x214/apollo-optik-de.jpg"
"Calmbase Germany","DE","sports","EUR","10; 15; 25; 50; 100","14","2 years","https://assets.tillo.io/images/brands/vouchers/330x214/calmbase-de.jpg"
"TheFork Italy","IT","food-and-drink","EUR","25; 50; 100","4.5","18 Months","https://assets.tillo.io/images/brands/vouchers/330x214/thefork-it.jpg"
"Tapi Carpets & Floors LTD UK","GB","home","GBP","10; 25; 50; 100; 250; 500; 1000","7","12 months","https://assets.tillo.io/images/brands/vouchers/330x214/tapi-carpets-ltd-uk.jpg"
"O’Neill’s","GB","food-and-drink","GBP","10; 25; 50; 100; 250","12","2 years from last load.","https://assets.tillo.io/images/brands/vouchers/330x214/oneills.jpg"
"Holland & Barrett Belgium","BE","beauty; other","EUR","10; 25; 50; 100","9","2 years","https://assets.tillo.io/images/brands/vouchers/330x214/holland-barrett-be.jpg"
"Monoprix France","FR","fashion","EUR","15; 25; 50; 100","2","1 year","https://assets.tillo.io/images/brands/vouchers/330x214/monoprix-fr.jpg"
"bol Belgium","BE","department-store","EUR","10; 25; 50; 100","3","36 months","https://assets.tillo.io/images/brands/vouchers/330x214/bol-com-be.jpg"
"Cortilia Italy","IT","supermarket","EUR","50","2","11 months","https://assets.tillo.io/images/brands/vouchers/330x214/cortilia-it.jpg"
"Virgin Experience Days","GB","travel-and-leisure","GBP","10; 25; 50; 100; 250; 500; 1000; 2000","20","12 months after load","https://assets.tillo.io/images/brands/vouchers/330x214/virgin-experience-days.jpg"
"Weber Germany","DE","food-and-drink; home","EUR","25; 50; 100","6","30 months","https://assets.tillo.io/images/brands/vouchers/330x214/weber-de.jpg"
"Waterstones","GB","books","GBP","10; 25","6","Expires 24 months from purchase","https://assets.tillo.io/images/brands/vouchers/330x214/waterstones.jpg"
"TripGift EU","IE; AT; BE; FI; FR; DE; IT; NL; ES","travel-and-leisure","EUR","50; 100; 250; 500; 1000; 2000; 3000; 4000; 5000","7.5","5 years from first use","https://assets.tillo.io/images/brands/vouchers/330x214/tripgift-eu.jpg"
"Falconeri Spain","ES","fashion","EUR","30; 75; 100; 150; 200; 250","5.5","3 years","https://assets.tillo.io/images/brands/vouchers/330x214/falconeri-es.jpg"
"lastminute.com Netherlands Holiday Gift Card - Flight + Hotel Packages","NL","travel-and-leisure","EUR","10; 25; 50; 100; 250; 500; 1000; 2000","5.5","12 Months from Activation","https://assets.tillo.io/images/brands/vouchers/330x214/lastminute-holiday-nl.jpg"
"Lastminute.com Spain Holiday Gift Card - Flight + Hotel Packages","ES","travel-and-leisure","EUR","10; 25; 50; 100; 250; 500; 1000; 2000","5.5","12 months from activation","https://assets.tillo.io/images/brands/vouchers/330x214/last-minute-holiday-gift-es.jpg"
"Prenatal Spain","ES","baby","EUR","25; 50","6","2 years","https://assets.tillo.io/images/brands/vouchers/330x214/prenatal-es.jpg"
"Maisons du Monde Spain","ES","home","EUR","20; 50; 100; 200; 500","7","1 year","https://assets.tillo.io/images/brands/vouchers/330x214/maisons-du-monde-es.jpg"
"Falconeri Germany","DE","fashion","EUR","30; 50; 75; 100; 150; 200; 250","5.5","3 years","https://assets.tillo.io/images/brands/vouchers/330x214/falconeri-de.jpg"
"Spotify Austria","AT","music","EUR","11; 33; 66","5","No expiry","https://assets.tillo.io/images/brands/vouchers/330x214/spotify-austria.jpg"
"Q8 Italy","IT","cars; other","EUR","10; 25; 50; 100","0.5","12 months","https://assets.tillo.io/images/brands/vouchers/330x214/q8-it.jpg"
"Dots.eco - Clean 1 LB of Ocean Plastic UK","GB","charity","GBP","10; 25; 50; 100; 250; 500; 1000; 2000; 3000; 4000; 5000","38","N/A","https://assets.tillo.io/images/brands/vouchers/330x214/clean-ocean-plastic-uk.jpg"
"Fashioncheque UK","GB","fashion","GBP","10; 25; 50; 100; 250","8","4 Years","https://assets.tillo.io/images/brands/vouchers/330x214/fashioncheque-uk.jpg"
"Swarovski Germany","DE","fashion; jewellery","EUR","15; 25; 40; 50","12","3 years","https://assets.tillo.io/images/brands/vouchers/330x214/swarovski-de.jpg"
"Smartbox Spain","ES","travel-and-leisure","EUR","10; 50; 100","11","6 months","https://assets.tillo.io/images/brands/vouchers/330x214/smartbox-es.jpg"
"DAZN Germany","DE","gaming; sports","EUR","45; 420","4","3 years","https://assets.tillo.io/images/brands/vouchers/330x214/dazn-de.jpg"
"Circle K Estonia","EE","cars; food-and-drink; supermarket","EUR","10; 25; 50; 100; 250; 500; 1000; 2000; 3000","1","24 Months","https://assets.tillo.io/images/brands/vouchers/330x214/circle-k-estonia.jpg"
"Maisons du Monde Italy","IT","home","EUR","20; 50; 100; 200; 500","7","1 year","https://assets.tillo.io/images/brands/vouchers/330x214/maisons-du-monde-it.jpg"
"toom Baumarkt Germany","DE","home","EUR","10; 15; 20; 25; 40; 44; 50; 100","6","3 years","https://assets.tillo.io/images/brands/vouchers/330x214/toom-baumarkt-de.jpg"
"Leisure Choice Gift Card","GB","beauty; books; craft; department-store; fashion; food-and-drink; gaming; home; jewellery; other; sports; supermarket; travel-and-leisure","GBP","10; 25; 50; 100; 250; 500; 1000; 2000","4","12 Months","https://assets.tillo.io/images/brands/vouchers/330x214/virgin-incentives-gift-card-uk.jpg"
"nextbike Germany","DE","cars","EUR","10; 15; 20; 25","34","3 years","https://assets.tillo.io/images/brands/vouchers/330x214/nextbike-de.jpg"
"Holland & Barrett Netherlands","NL","beauty; other","EUR","10; 25; 50; 100","9","2 years","https://assets.tillo.io/images/brands/vouchers/330x214/holland-barrett-nl.jpg"
"Steam Europe","IE; AT; BE; HR; CY; EE; FI; FR; DE; GR; IT; LV; LT; LU; MT; NL; PT; SK; SI; ES","gaming","EUR","20; 30","1.25","No Expiry","https://assets.tillo.io/images/brands/vouchers/330x214/steam-eu.jpg"
"Mercatò Italy","IT","supermarket","EUR","10; 25; 50; 100","1","18 months","https://assets.tillo.io/images/brands/vouchers/330x214/mercato-it.jpg"
"Flixbus Spain","ES","travel-and-leisure","EUR","10; 25; 50; 100","6","9 Months","https://assets.tillo.io/images/brands/vouchers/330x214/flixbus-es.jpg"
"Maisons du Monde Belgium","BE","home","EUR","20; 50; 100; 200; 500","7","12 months","https://assets.tillo.io/images/brands/vouchers/330x214/maisons-du-monde-be.jpg"
"M&S UK CB","GB","department-store; supermarket","GBP","10; 25; 50; 100; 250; 500; 1000","3.5","Gift cards and e-gift cards are valid for the period which is the later of (i) 48 months from the date of issue, or (ii) 48 months from the date of the last transaction.","https://assets.tillo.io/images/brands/vouchers/330x214/m-and-s-uk-cb.jpg"
"Sennheiser Germany","DE","electronics","EUR","15; 25; 50; 100","14","2 years","https://assets.tillo.io/images/brands/vouchers/330x214/sennheiser-de.jpg"
"Go Ape","GB","travel-and-leisure","GBP","10; 15; 50; 80","12","1 year","https://assets.tillo.io/images/brands/vouchers/330x214/go-ape.jpg"
"Ask Italian","GB","food-and-drink","GBP","10; 25; 50; 100","9","12 months","https://assets.tillo.io/images/brands/vouchers/330x214/ask-italian.jpg"
"Sauna & Wellness Cadeaukaart Europe","NL","beauty","EUR","10; 25; 50; 100","7","2 Years","https://assets.tillo.io/images/brands/vouchers/330x214/sauna-wellness-cadeaukaart-eur.jpg"
"Idea Shopping Spain","ES","baby; beauty; books; fashion; electronics; food-and-drink; home; jewellery; toys; travel-and-leisure; tv-and-movies","EUR","25; 50; 100","0.5","6 months","https://assets.tillo.io/images/brands/vouchers/330x214/idea-shopping-es.jpg"
"Tinder Plus & Gold Ireland","IE","other","EUR","13; 23","15","36 Months","https://assets.tillo.io/images/brands/vouchers/330x214/tinder-plus-ie.jpg"
"Terranova Italy","IT","fashion","EUR","10; 25; 50; 75; 100","4","1 year","https://assets.tillo.io/images/brands/vouchers/330x214/terranova-it.jpg"
"Maisons du Monde France","FR","department-store","EUR","20; 50; 100; 200; 500","7","1 year","https://assets.tillo.io/images/brands/vouchers/330x214/maisons-du-monde-fr.jpg"
"Greggs","GB","food-and-drink","GBP","10; 25; 50; 100; 250","9","24 Months from last use","https://assets.tillo.io/images/brands/vouchers/330x214/greggs.jpg"
"New Look","GB","fashion","GBP","10; 25; 50; 100; 250; 500; 1000","9","2 years","https://assets.tillo.io/images/brands/vouchers/330x214/new-look.jpg"
"Mango Spain","ES","fashion","EUR","10; 25; 50; 100; 150","9","Unlimited","https://assets.tillo.io/images/brands/vouchers/330x214/mango-es.jpg"
"HotelsGift DE","DE","travel-and-leisure","EUR","50; 100; 250; 500; 1000; 2000; 3000; 4000; 5000","7.5","3 years from activation or last use","https://assets.tillo.io/images/brands/vouchers/330x214/hotelsgift-de.jpg"
"Tezenis","IT","fashion","EUR","20; 30; 50; 100","4","36 months from purchase","https://assets.tillo.io/images/brands/vouchers/330x214/tezenis.jpg"
"Starbucks","GB","food-and-drink","GBP","10; 25; 50; 100","11","Does Not Expire","https://assets.tillo.io/images/brands/vouchers/330x214/starbucks.jpg"
"Dots.eco - Protect 10 sqf of wildlife habitat UK","GB","charity","GBP","10; 25; 50; 100; 250; 500; 1000; 2000; 3000; 4000; 5000","38","N/A","https://assets.tillo.io/images/brands/vouchers/330x214/protect-wildlife-habitat-uk.jpg"
"Tamoil Italy","IT","cars; other","EUR","10; 25","1","6 months","https://assets.tillo.io/images/brands/vouchers/330x214/tamoil-it.jpg"
"Megamark Italy","IT","supermarket","EUR","25; 50; 100; 200","1","Minimum 1 month","https://assets.tillo.io/images/brands/vouchers/330x214/megamark-it.jpg"
"MANGO Portugal","PT","fashion","EUR","25; 50","9","2 years","https://assets.tillo.io/images/brands/vouchers/330x214/mango-pt.jpg"
"Coccinelle Italy","IT","fashion","EUR","20; 50; 70; 100; 150; 200","4.5","12 months","https://assets.tillo.io/images/brands/vouchers/330x214/coccinelle-it.jpg"
"La Rinascente Italy","IT","department-store","EUR","50; 100; 250","5","10 months","https://assets.tillo.io/images/brands/vouchers/330x214/la-rinascente-it.jpg"
"Spotify Germany","DE","music","EUR","11; 33; 66","7","3 years","https://assets.tillo.io/images/brands/vouchers/330x214/spotify-germany.jpg"
"Liberty","GB","beauty; craft; department-store; fashion; home; jewellery","GBP","10; 25; 50; 100; 250; 500; 1000; 2000; 3000; 4000; 5000","7.5","2 years from activiation","https://assets.tillo.io/images/brands/vouchers/330x214/liberty-uk.jpg"
"Baby-Walz Germany","DE","baby; toys","EUR","10; 15; 20; 25; 44; 50","12","5 years","https://assets.tillo.io/images/brands/vouchers/330x214/baby-walz-de.jpg"
"daydreams Germany","DE","craft; travel-and-leisure","EUR","60","44","30 months","https://assets.tillo.io/images/brands/vouchers/330x214/daydreams-de.jpg"
"The Restaurant Card","GB","food-and-drink","GBP","10; 25; 50; 100; 250","12","24 months for last date of use","https://assets.tillo.io/images/brands/vouchers/330x214/the-restaurant-card.jpg"
"Spotify Spain","ES","music","EUR","11; 33; 66","5","12 months","https://assets.tillo.io/images/brands/vouchers/330x214/spotify-es.jpg"
"Currys B2B","GB","electronics; home","GBP","10; 20; 25; 30; 40; 50; 60; 90; 100; 200; 500","6","24 Months from last use","https://assets.tillo.io/images/brands/vouchers/330x214/currys-b2b.jpg"
"myMuesli Germany","DE","food-and-drink","EUR","10; 15; 25; 44; 50","8","3 years","https://assets.tillo.io/images/brands/vouchers/330x214/mymuesli-de.jpg"
"Sony Playstation UK","GB","gaming","GBP","10; 20; 40; 50; 70; 100; 120; 150; 200","7","12 Months","https://assets.tillo.io/images/brands/vouchers/330x214/sony-psn-uk.jpg"
"Sephora Spain","ES","beauty","EUR","25; 50; 100","5","12 Months","https://assets.tillo.io/images/brands/vouchers/330x214/sephora-es.jpg"
"Global Hotel Card","GB","travel-and-leisure","GBP","50; 100; 250; 500; 1000","10","No expiry","https://assets.tillo.io/images/brands/vouchers/330x214/global-hotel-card.jpg"
"Share Now Germany","DE","cars","EUR","15; 25; 50; 100","7","2 years","https://assets.tillo.io/images/brands/vouchers/330x214/share-now-de.jpg"
"Bloom & Wild","GB","home","GBP","10; 20; 30; 50; 100","13","1 year","https://assets.tillo.io/images/brands/vouchers/330x214/bloom-and-wild-uk.jpg"
"Jet2Holidays by Inspire","GB","travel-and-leisure","GBP","10; 25; 50; 100; 250; 500; 1000; 2000; 3000","6","18 months from date of issue","https://assets.tillo.io/images/brands/vouchers/330x214/inspire-jet2holidays.jpg"
"FlixBus Italy","IT","travel-and-leisure","EUR","10; 25; 50; 100","6","6 Months","https://assets.tillo.io/images/brands/vouchers/330x214/flixbus-it.jpg"
"HelpDirect Germany","DE","charity","EUR","10; 15; 20; 50","9","3 years","https://assets.tillo.io/images/brands/vouchers/330x214/helpdirect-de.jpg"
"Circle K No Fuel Latvia","LV","food-and-drink; supermarket","EUR","25; 50; 100; 250; 500; 1000","5","24 Months","https://assets.tillo.io/images/brands/vouchers/330x214/circle-k-no-fuel-latvia.jpg"
"Martinelli Supermercati Italy","IT","supermarket","EUR","25; 50; 100","1.5","6 months","https://assets.tillo.io/images/brands/vouchers/330x214/martinelli-supermercati-it.jpg"
"Cornerstone","GB","beauty","GBP","20; 25; 30","9","12 months from issue","https://assets.tillo.io/images/brands/vouchers/330x214/cornerstone.jpg"
"YOVITE Germany","DE","food-and-drink","EUR","20; 30; 50","9","3 years","https://assets.tillo.io/images/brands/vouchers/330x214/yovite-de.jpg"
"IKEA Netherlands","NL","","EUR","50; 100; 250; 500","4","1 year","https://assets.tillo.io/images/brands/vouchers/330x214/ikea-nl.jpg"
"Carrefour FR","FR","supermarket","EUR","10; 25; 50; 100","4","12 mois","https://assets.tillo.io/images/brands/vouchers/330x214/carrefour-fr.jpg"
"Marionnaud Paris","IT","","EUR","10; 25; 50; 100","7","6 months","https://assets.tillo.io/images/brands/vouchers/330x214/marionnaud-it.jpg"
"Moss UK","GB","fashion","GBP","10; 20; 30; 40; 50; 60; 70; 80; 90; 100; 110; 120; 130; 140; 150; 160; 170; 180; 190; 200","9","2 years","https://assets.tillo.io/images/brands/vouchers/330x214/moss-uk.jpg"
"OVS Italy","IT","fashion","EUR","10; 25; 50","7.5","No expiry","https://assets.tillo.io/images/brands/vouchers/330x214/ovs-it.jpg"
"lastminute.com UK Travel Gift Card","GB","travel-and-leisure","GBP","10; 25; 50; 100; 250; 500; 1000; 2000; 3000; 4000","5","12 months from activation date","https://assets.tillo.io/images/brands/vouchers/330x214/last-minute-travel.jpg"
"Steam Italy","IT","gaming","EUR","20","1.25","No Expiry","https://assets.tillo.io/images/brands/vouchers/330x214/steam-it.jpg"
"CHRIST Germany","DE","fashion; jewellery","EUR","10; 15; 20; 25; 44; 50; 100","14","3 years","https://assets.tillo.io/images/brands/vouchers/330x214/christ-de.jpg"
"Ecoswap UK","GB","other","GBP","10; 25; 50; 100","4","1 year","https://assets.tillo.io/images/brands/vouchers/330x214/ecoswap-uk.jpg"
"Rituals UK","GB","beauty; home","GBP","10; 25; 50; 100","10","No expiry","https://assets.tillo.io/images/brands/vouchers/330x214/rituals-uk.jpg"
"CamperBoys Germany","DE","craft; sports; travel-and-leisure","EUR","35; 50; 100; 150","8","N/A","https://assets.tillo.io/images/brands/vouchers/330x214/camperboys-de.jpg"
"Decathlon France","FR","fashion; sports","EUR","10; 25","1","No Expiry","https://assets.tillo.io/images/brands/vouchers/330x214/decathlon-fr.jpg"
"43einhalb.com Germany","DE","fashion; jewellery","EUR","10; 15; 25; 50","10","3 years","https://assets.tillo.io/images/brands/vouchers/330x214/43einhalb-com-de.jpg"
"Paprcuts Germany","DE","fashion; jewellery","EUR","10; 25; 50","7","3 years","https://assets.tillo.io/images/brands/vouchers/330x214/paprcuts-de.jpg"
"Azteco Bitcoin Voucher - Lightning GBP","GB","cryptocurrency","GBP","10; 25; 50; 100; 250; 500","7","30 days from issue","https://assets.tillo.io/images/brands/vouchers/330x214/azteco-gbp.jpg"
"River Island","GB","fashion","GBP","10; 25; 50; 100; 250","8.5","5 years from last use","https://assets.tillo.io/images/brands/vouchers/330x214/river-island.jpg"
"Dots.eco - Buy 10 sqf of Land for Nature Reserve UK","GB","charity","GBP","10; 25; 50; 100; 250; 500; 1000; 2000; 3000; 4000; 5000","38","N/A","https://assets.tillo.io/images/brands/vouchers/330x214/buy-land-for-nature-reserve-uk.jpg"
"Winelivery Italy","IT","food-and-drink","EUR","25; 50; 100","1.5","4 months","https://assets.tillo.io/images/brands/vouchers/330x214/winelivery-it.jpg"
"Tinder Plus & Gold France","FR","other","EUR","13; 23","15","90 Months","https://assets.tillo.io/images/brands/vouchers/330x214/tinder-plus-fr.jpg"
"Brico Io Italy","IT","home","EUR","25; 50; 100","4","6 months","https://assets.tillo.io/images/brands/vouchers/330x214/brico-io-it.jpg"
"Lidl Ireland","IE","supermarket","EUR","10; 15; 20; 25; 50; 100; 200; 250","4","5 years.","https://assets.tillo.io/images/brands/vouchers/330x214/lidl-ie.jpg"
"Sephora Germany","DE","beauty","EUR","25; 50; 100","5","3 Years","https://assets.tillo.io/images/brands/vouchers/330x214/sephora-de.jpg"
"Ecobnb Italy","IT","travel-and-leisure","EUR","25; 50; 100","5","12 months","https://assets.tillo.io/images/brands/vouchers/330x214/ecobnb-it.jpg"
"La Feltrinelli Italy","IT","books; electronics; toys","EUR","10; 25; 50; 100","6","6 months","https://assets.tillo.io/images/brands/vouchers/330x214/la-feltrinelli-it.jpg"
"Video Buster Germany","DE","gaming","EUR","15; 25","14","30 months","https://assets.tillo.io/images/brands/vouchers/330x214/video-buster-de.jpg"
"Migross Italy","IT","supermarket","EUR","25; 50; 100","1.5","6 months","https://assets.tillo.io/images/brands/vouchers/330x214/migross-it.jpg"
"Ernsting's family Germany","DE","baby; fashion; jewellery; toys","EUR","10; 15; 20; 25; 44; 50","7","5 years","https://assets.tillo.io/images/brands/vouchers/330x214/ernstings-family-de.jpg"
"Google Play","GB","gaming; music; tv-and-movies","GBP","10; 25; 50; 100; 250; 500","4","No expiry","https://assets.tillo.io/images/brands/vouchers/330x214/google-play.jpg"
"IXXI Germany","DE","home","EUR","10; 15; 25; 50","19","-","https://assets.tillo.io/images/brands/vouchers/330x214/ixxi-de.jpg"
"Turtle Bay Restaurants","GB","food-and-drink","GBP","10; 25; 50; 100; 250","10","Expires 12 months from the date of order","https://assets.tillo.io/images/brands/vouchers/330x214/turtle-bay.jpg"
"Inspire Travel Italy","IT","travel-and-leisure","EUR","10; 25; 50; 100; 250; 500; 1000; 2000; 3000","6","18 Months","https://assets.tillo.io/images/brands/vouchers/330x214/inspire-travel-it.jpg"
"Browns","GB","food-and-drink","GBP","10; 25; 50; 100; 250","12","2 years from last load.","https://assets.tillo.io/images/brands/vouchers/330x214/browns.jpg"
"Dots.eco - Support Rescued Pets UK","GB","charity","GBP","10; 25; 50; 100; 250; 500; 1000; 2000; 3000; 4000; 5000","38","N/A","https://assets.tillo.io/images/brands/vouchers/330x214/dotseco-support-rescued-pets-uk.jpg"
"Atento Germany","DE","beauty; fashion; food-and-drink; jewellery","EUR","10; 25; 50","9","3 years","https://assets.tillo.io/images/brands/vouchers/330x214/atento-de.jpg"
"Waipu.tv Perfect Plus Germany","DE","gaming","EUR","80; 150","7","3 years","https://assets.tillo.io/images/brands/vouchers/330x214/waipu-tv-perfect-plus-de.jpg"
"Spabreaks.com","GB","travel-and-leisure","GBP","10; 25; 50; 100; 250; 500; 1000","10","All gift vouchers are valid for 12 months from date of purchase. Gift cards can be redeemed for their monetary value against any spa package on Spabreaks.com. 
                        Gift vouchers can not be used directly at the Spas or hotels.","https://assets.tillo.io/images/brands/vouchers/330x214/spa-breaks.jpg"
"Penny. Italy","IT","supermarket","EUR","25; 50; 100","2","1 year","https://assets.tillo.io/images/brands/vouchers/330x214/penny-it.jpg"
"London Theatre Direct","GB","travel-and-leisure","GBP","10; 25; 50; 100; 250; 500","8","12 months from activation","https://assets.tillo.io/images/brands/vouchers/330x214/london-theatre-direct.jpg"
"Eataly Italy","IT","food-and-drink","EUR","10; 25; 50; 100; 150","4","24 months","https://assets.tillo.io/images/brands/vouchers/330x214/eataly-it.jpg"
"Intimissimi France","FR","fashion","EUR","30; 50; 70; 100","5.5","3 years","https://assets.tillo.io/images/brands/vouchers/330x214/intimissimi-fr.jpg"
"misterspex Germany","DE","fashion; jewellery","EUR","10; 15; 20; 25; 50; 100","13","33 months","https://assets.tillo.io/images/brands/vouchers/330x214/misterspex-de.jpg"
"Hotel Giftcard","GB","travel-and-leisure","GBP","10; 25; 50; 100; 250; 500","14","24 Months","https://assets.tillo.io/images/brands/vouchers/330x214/hotel-giftcard.jpg"
"Douglas Germany","DE","beauty","EUR","10; 15; 20; 25; 30; 44; 50; 60; 100","12","5 years","https://assets.tillo.io/images/brands/vouchers/330x214/douglas-de.jpg"
"Dots.eco - Restore Kelp Forests UK","GB","charity","GBP","10; 25; 50; 100; 250; 500; 1000; 2000; 3000; 4000; 5000","38","N/A","https://assets.tillo.io/images/brands/vouchers/330x214/dotseco-resore-kelp-forests-uk.jpg"
"Urlaubsbox Germany","DE","craft; travel-and-leisure","EUR","50; 100; 150; 200","14","30 months","https://assets.tillo.io/images/brands/vouchers/330x214/urlaubsbox-de.jpg"
"Adler Germany","DE","fashion; jewellery","EUR","15; 25; 50","9","3 years","https://assets.tillo.io/images/brands/vouchers/330x214/adler-de.jpg"
"Tezenis Spain","ES","fashion","EUR","20; 30; 50; 100","5.5","3 years","https://assets.tillo.io/images/brands/vouchers/330x214/tezenis-es.jpg"
"Boscolo Italy","IT","travel-and-leisure","EUR","119; 219; 289","9","12 months","https://assets.tillo.io/images/brands/vouchers/330x214/boscolo-it.jpg"
"Naked Wines","GB","food-and-drink","GBP","25; 50; 100; 250; 500","13.5","12 months from activation","https://assets.tillo.io/images/brands/vouchers/330x214/naked-wines.jpg"
"quirion Germany","DE","other","EUR","15; 25; 50; 75; 100; 150","7","3 years","https://assets.tillo.io/images/brands/vouchers/330x214/quirion-de.jpg"
"Swarovski","GB","home; jewellery","GBP","25; 50; 100; 250","18","No expiry","https://assets.tillo.io/images/brands/vouchers/330x214/swarovski.jpg"
"ToursGift DE","DE","travel-and-leisure","EUR","50; 100; 250; 500; 1000; 2000; 3000; 4000; 5000","7.5","3 years from activation or last use","https://assets.tillo.io/images/brands/vouchers/330x214/toursgift-de.jpg"
"Rossmann Germany","DE","beauty","EUR","10; 15; 20; 25; 30; 35; 40; 44; 45; 50; 60; 70; 80; 90; 100","9","3 years","https://assets.tillo.io/images/brands/vouchers/330x214/rossmann-de.jpg"
"IKEA Portugal","PT","","EUR","10; 20; 50; 100","4","12 Months","https://assets.tillo.io/images/brands/vouchers/330x214/ikea-pt.jpg"
"SuperLahjakortti Finland","FI","baby; beauty; books; cars; charity; cycling; department-store; fashion; electronics; food-and-drink; home; jewellery; music; other; sports; toys; travel-and-leisure; tv-and-movies","EUR","10; 25; 50; 100; 250; 500; 1000","4","3 years from activation","https://assets.tillo.io/images/brands/vouchers/330x214/super-lahjakortti-fi.jpg"
"Waipu.tv Comfort Germany","DE","gaming","EUR","45; 85","7","3 years","https://assets.tillo.io/images/brands/vouchers/330x214/waipu-tv-comfort-de.jpg"
"Xbox","GB","gaming","GBP","10; 15; 20; 25; 30; 35; 40; 45; 50","9.5","Non-promotional balances don't expire. Any promotional balance in your account is subject to expiration as set forth in the terms of the promotion.","https://assets.tillo.io/images/brands/vouchers/330x214/xbox.jpg"
"AirlineGift IE","IE","travel-and-leisure","EUR","50; 100; 250; 500; 1000; 2000; 3000; 4000; 5000","7.5","60 months from activation or last use","https://assets.tillo.io/images/brands/vouchers/330x214/airlinegift-ie.jpg"
"MAXI DI Italy","IT","supermarket","EUR","10; 25; 50; 100","1","1 year","https://assets.tillo.io/images/brands/vouchers/330x214/maxi-di-it.jpg"
"Douglas Italy","IT","beauty","EUR","10; 25; 50; 100","8","6 months","https://assets.tillo.io/images/brands/vouchers/330x214/douglas-it.jpg"
"EsserBella Profumerie Italy","IT","beauty","EUR","25; 50; 100","6.5","24 months","https://assets.tillo.io/images/brands/vouchers/330x214/esserbella-profumerie-it.jpg"
"Argos Cashback","GB","electronics; home; jewellery; toys","GBP","10; 25; 50; 100; 250; 500","4.25","24 months from issuance as standard","https://assets.tillo.io/images/brands/vouchers/330x214/argos-cashback-uk.jpg"
"Höffner Germany","DE","home","EUR","10; 20; 44; 50; 100","5","5 years","https://assets.tillo.io/images/brands/vouchers/330x214/hoffner-de.jpg"
"Circle K No Fuel Lithuania","LT","food-and-drink; supermarket","EUR","25; 50; 100; 250; 500; 1000","5","24 Months","https://assets.tillo.io/images/brands/vouchers/330x214/circle-k-no-fuel-lithuania.jpg"
"FlixBus Germany","DE","travel-and-leisure","EUR","10; 15; 25; 40","6.5","9 Months","https://assets.tillo.io/images/brands/vouchers/330x214/flixbus-de.jpg"
"SuperValu Ireland","IE","supermarket","EUR","25; 50","4","5 years.","https://assets.tillo.io/images/brands/vouchers/330x214/supervalu-ie.jpg"
"Wayfair UK","GB","home","GBP","25; 50; 100; 250; 500","8","No expiry","https://assets.tillo.io/images/brands/vouchers/330x214/wayfair.jpg"
"Bijou Brigitte Germany","DE","fashion; jewellery","EUR","10; 15; 20; 25; 44; 50","7","32 months","https://assets.tillo.io/images/brands/vouchers/330x214/bijou-brigitte-de.jpg"
"Lieferando","DE","food-and-drink","EUR","10; 25; 50; 100","5.5","Geschenkkarten sind ab dem Kaufdatum mindestens 1 year Monate lang gültig.","https://assets.tillo.io/images/brands/vouchers/330x214/just-eat-de.jpg"
"Virgin Gift Card","GB","travel-and-leisure","GBP","10; 25; 50; 100; 250; 500; 1000; 2000; 3000; 4000","4","24 months after load","https://assets.tillo.io/images/brands/vouchers/330x214/virgin-gift-card.jpg"
"Merlin Gift Card","GB","travel-and-leisure","GBP","10; 25; 50; 100; 250; 500; 1000","5","12 Months","https://assets.tillo.io/images/brands/vouchers/330x214/merlin-gift-card.jpg"
"National Book Tokens","GB","books","GBP","10; 25; 50; 100; 250","10","8 years from last use","https://assets.tillo.io/images/brands/vouchers/330x214/national-book-tokens.jpg"
"Tezenis Germany","DE","fashion","EUR","20; 30; 50; 100","5.5","3 years","https://assets.tillo.io/images/brands/vouchers/330x214/tezenis-de.jpg"
"The Makery Germany","DE","books; music","EUR","25; 50; 100","7","2 years","https://assets.tillo.io/images/brands/vouchers/330x214/the-makery-de.jpg"
"Lees! Cadeaukaart Europe","NL","books","EUR","10; 25; 50","10","2 years","https://assets.tillo.io/images/brands/vouchers/330x214/lees-cadeaukaart-eur.jpg"
"Media Markt Netherlands","NL","electronics; home","EUR","10; 25; 50; 100","0.5","2 years","https://assets.tillo.io/images/brands/vouchers/330x214/media-markt-nl.jpg"
"Theatre Tokens","GB","travel-and-leisure","GBP","10; 25; 50; 100; 250; 500","10","No expiry","https://assets.tillo.io/images/brands/vouchers/330x214/theatre-tokens.jpg"
"Kreutzers Germany","DE","food-and-drink","EUR","25; 50; 100","12","30 months","https://assets.tillo.io/images/brands/vouchers/330x214/kreutzers-de.jpg"
"Love2Shop Rewards","GB","other","GBP","10; 25; 50; 100; 250; 500","5","12 months","https://assets.tillo.io/images/brands/vouchers/330x214/love2shop-rewards.jpg"
"QC Terme Italy","IT","travel-and-leisure","EUR","59; 64; 72; 126; 170; 220; 340","9","6 months","https://assets.tillo.io/images/brands/vouchers/330x214/qc-terme-it.jpg"
"Healthy Minds Club","GB","other","GBP","10; 25; 50; 100; 250; 500","7","18 Months","https://assets.tillo.io/images/brands/vouchers/330x214/healthy-minds-club.jpg"
"Calzedonia Germany","DE","fashion","EUR","30; 50; 70; 100","5.5","3 years","https://assets.tillo.io/images/brands/vouchers/330x214/calzedonia-de.jpg"
"s.Oliver Germany","DE","fashion; jewellery","EUR","10; 15; 25; 50; 100","6","3 years","https://assets.tillo.io/images/brands/vouchers/330x214/s-oliver-de.jpg"
"Sainsburys Cashback","GB","supermarket","GBP","10; 25; 50; 100; 250; 500","3.25","24 Months after last use","https://assets.tillo.io/images/brands/vouchers/330x214/sainsburys-cashback-uk.jpg"
"Volagratis Italy Travel Gift Card","IT","travel-and-leisure","EUR","10; 25; 50; 100; 250","7.5","12 months from activation","https://assets.tillo.io/images/brands/vouchers/330x214/volagratis-it.jpg"
"PittaRosso Italy","IT","fashion","EUR","25; 50; 100","5","12 months","https://assets.tillo.io/images/brands/vouchers/330x214/pittarosso-it.jpg"
"Azteco Bitcoin Voucher - On-chain GBP","GB","cryptocurrency","GBP","25; 50; 100; 250; 500","7","30 Days","https://assets.tillo.io/images/brands/vouchers/330x214/azteco-bitcoin-voucher-on-chain-gbp.jpg"
"lastminute.com Spain Travel Gift Card","ES","","EUR","10; 25; 50; 100; 250; 500; 1000; 2000; 3000; 4000","2.35","12 months from activation/request","https://assets.tillo.io/images/brands/vouchers/330x214/last-minute-es.jpg"
"All Bar One","GB","food-and-drink","GBP","10; 25; 50; 100; 250","12","2 years from last load.","https://assets.tillo.io/images/brands/vouchers/330x214/all-bar-one.jpg"
"lastminute.com Hotel Gift Card Spain","ES","travel-and-leisure","EUR","10; 25; 50; 100; 250; 500; 1000; 2000; 3000; 4000","5.5","12 months from the activation date","https://assets.tillo.io/images/brands/vouchers/330x214/hotel-gift-card-es.jpg"
"POCO Germany","DE","home","EUR","10; 20; 50","9","3 years","https://assets.tillo.io/images/brands/vouchers/330x214/poco-de.jpg"
"HotelsGift EU","AT; BE; FI; FR; IT; NL; ES","travel-and-leisure","EUR","50; 100; 250; 500; 1000; 2000; 3000; 4000; 5000","7.5","12 months from activation or last use","https://assets.tillo.io/images/brands/vouchers/330x214/hotelsgift-eu.jpg"
"Nintendo eShop UK","GB","gaming","GBP","15; 25; 50; 75; 100","9.5","No expiry","https://assets.tillo.io/images/brands/vouchers/330x214/nintendo-eshop-uk.jpg"
"Media Markt Austria","AT","other","EUR","10; 25; 50; 100","0.5","2 years","https://assets.tillo.io/images/brands/vouchers/330x214/media-markt-at.jpg"
"The Entertainer","GB","toys","GBP","10; 25; 50; 100; 250","5","24 months from date of activation","https://assets.tillo.io/images/brands/vouchers/330x214/the-entertainer.jpg"
"Salute Semplice Italy","IT","other","EUR","10; 25; 50; 75; 100; 200","11","1 year","https://assets.tillo.io/images/brands/vouchers/330x214/salute-semplice-it.jpg"
"lastminute.com Flight Gift Card Spain","ES","travel-and-leisure","EUR","10; 25; 50; 100; 250; 500; 1000; 2000","2","12 months from Activation","https://assets.tillo.io/images/brands/vouchers/330x214/flight-gift-card-es.jpg"
"Bonmarché","GB","fashion","GBP","10; 25; 50; 100; 250","10","24 Months after last use (activation or redemption)","https://assets.tillo.io/images/brands/vouchers/330x214/bonmarche.jpg"
"OTTO Germany","DE","baby; beauty; fashion; electronics; home; jewellery; sports; toys","EUR","10; 15; 20; 25; 44; 50; 100; 250; 500","4","3 years","https://assets.tillo.io/images/brands/vouchers/330x214/otto-de.jpg"
"Media Markt Germany","DE","electronics; home","EUR","10; 25; 50; 100; 150","2.5","5 years","https://assets.tillo.io/images/brands/vouchers/330x214/media-markt-de.jpg"
"eLearnGift IE","IE","","EUR","50; 100; 250; 500; 1000; 2000; 3000; 4000; 5000","7.5","60 months from activation or last use","https://assets.tillo.io/images/brands/vouchers/330x214/elearngift-ie.jpg"
"Ray-Ban Italy","IT","fashion","EUR","50; 100; 150","5","1 year","https://assets.tillo.io/images/brands/vouchers/330x214/ray-ban-it.jpg"
"lastminute.com Flight Gift Card France","FR","travel-and-leisure","EUR","10; 25; 50; 100; 250; 500; 1000; 2000","2","12 months from activation","https://assets.tillo.io/images/brands/vouchers/330x214/flight-gift-card-fr.jpg"
"Mango Slovakia","SK","fashion","EUR","25; 50; 100","9","No expiry","https://assets.tillo.io/images/brands/vouchers/330x214/mango-sk.jpg"
"Unicomm Italy","IT","department-store","EUR","25; 50; 100","1.5","1 year","https://assets.tillo.io/images/brands/vouchers/330x214/unicomm-it.jpg"
"YouChoose Experiences Digital","GB","travel-and-leisure","GBP","10; 25; 50; 100; 250","6","12 months from issuance","https://assets.tillo.io/images/brands/vouchers/330x214/youchoose-experiences-digital.jpg"
"Deliveroo France","FR","food-and-drink","EUR","25; 50; 100","5","12 months from activation. Must redeem AND spend by expiry.","https://assets.tillo.io/images/brands/vouchers/330x214/deliveroo-fr.jpg"
"Lastminute.com Ireland Holiday Gift Card - Flight + Hotel Packages","IE","travel-and-leisure","EUR","10; 25; 50; 100; 250; 500; 1000; 2000","5.5","60 months from activation","https://assets.tillo.io/images/brands/vouchers/330x214/last-minute-holiday-gift-ie.jpg"
"roastmarket Germany","DE","food-and-drink","EUR","10; 20; 50; 100","5","30 months","https://assets.tillo.io/images/brands/vouchers/330x214/roastmarket-de.jpg"
"MD Italy","IT","home","EUR","10; 25; 50; 100","0.5","12 Months","https://assets.tillo.io/images/brands/vouchers/330x214/md-it.jpg"
"BAR ATLANTIC Italy","IT","food-and-drink","EUR","25; 50","5","6 months","https://assets.tillo.io/images/brands/vouchers/330x214/bar-atlantic-it.jpg"
"Cepsa Spain","ES","other","EUR","10; 25; 50","1","3 months","https://assets.tillo.io/images/brands/vouchers/330x214/cepsa-es.jpg"
"Calzedonia Italy","IT","fashion","EUR","30; 50; 70; 100","5","36 months from purchase","https://assets.tillo.io/images/brands/vouchers/330x214/calzedonia.jpg"
"C&A Germany","DE","fashion; jewellery","EUR","10; 15; 20; 25; 44; 50; 100","4","3 years","https://assets.tillo.io/images/brands/vouchers/330x214/c-and-a-de.jpg"
"Diner Cadeau Europe","NL","food-and-drink","EUR","10; 25; 50; 100","17","2 Years","https://assets.tillo.io/images/brands/vouchers/330x214/diner-cadeau-eur.jpg"
"Tchibo Austria","AT","food-and-drink","EUR","25; 50; 100","5.5","2 years","https://assets.tillo.io/images/brands/vouchers/330x214/tchibo-at.jpg"
"Breuninger Germany","DE","fashion; jewellery","EUR","10; 20; 50; 100; 250","5","4 years","https://assets.tillo.io/images/brands/vouchers/330x214/breuninger-de.jpg"
"Every Foods Germany","DE","food-and-drink; sports","EUR","25; 50; 75; 100","14","1 year","https://assets.tillo.io/images/brands/vouchers/330x214/every-foods-de.jpg"
"Falconeri France","FR","fashion","EUR","75; 100; 150; 250","5.5","3 years","https://assets.tillo.io/images/brands/vouchers/330x214/falconeri-fr.jpg"
"Nintendo eShop Digital Code Belgium","BE","gaming","EUR","15; 25; 50; 75; 100","9","No Expiry","https://assets.tillo.io/images/brands/vouchers/330x214/nintendo-eshop-be.jpg"
"YouChoose Gaming VAR Digital UK","GB","gaming","GBP","10; 25; 50; 100; 250","5","12 Months","https://assets.tillo.io/images/brands/vouchers/330x214/you-choose-gaming-uk.jpg"
"Media Markt Portugal","PT","electronics; home","EUR","10; 25; 50; 100; 250","2","No expiry","https://assets.tillo.io/images/brands/vouchers/330x214/media-markt-pt.jpg"
"Carrefour Italy","IT","supermarket","EUR","10; 25; 50; 100","1.25","12 months","https://assets.tillo.io/images/brands/vouchers/330x214/carrefour-it.jpg"
"Daimani Europe","IE; AT; BE; FR; DE; ES","other","EUR","10; 25; 50; 100","2","3 years","https://assets.tillo.io/images/brands/vouchers/330x214/daimani-eu.jpg"
"Tannico.it Europe","IE; AT; BE; HR; CY; EE; FI; FR; DE; GR; IT; LV; LT; LU; MT; NL; PT; SK; SI; ES","food-and-drink","EUR","25; 50; 75; 100","7","12 Months","https://assets.tillo.io/images/brands/vouchers/330x214/tannico-it-eu.jpg"
"FlystayGift DE","DE","travel-and-leisure","EUR","50; 100; 250; 500; 1000; 2000; 3000; 4000; 5000","7.5","3 years from activation or last use","https://assets.tillo.io/images/brands/vouchers/330x214/flystaygift-de.jpg"
"Cyberport Germany","DE","electronics","EUR","10; 15; 20; 25; 50","3","3 years","https://assets.tillo.io/images/brands/vouchers/330x214/cyberport-de.jpg"
"Rituals Netherlands","NL","beauty; home","EUR","10; 25; 50; 100","10","No expiry","https://assets.tillo.io/images/brands/vouchers/330x214/rituals-nl.jpg"
"TripGift DE","DE","travel-and-leisure","EUR","50; 100; 250; 500; 1000; 2000; 3000; 4000; 5000","7.5","3 years from activation or last use","https://assets.tillo.io/images/brands/vouchers/330x214/tripgift-de.jpg"
"Share Now Italy","IT","cars","EUR","15; 25; 50; 100","7","This e-gift will be valid for 36 months from date of purchase. Any remaining balance will be cancelled on expiry of the validity period.","https://assets.tillo.io/images/brands/vouchers/330x214/share-now-it.jpg"
"Decathlon Germany","DE","sports","EUR","10; 15; 20; 25; 44; 50; 100; 200","5","4 years","https://assets.tillo.io/images/brands/vouchers/330x214/decathlon-de.jpg"
"Farmfoods","GB","supermarket","GBP","10; 25; 50; 100","4","12 months from activation","https://assets.tillo.io/images/brands/vouchers/330x214/farmfoods.jpg"
"Inspire Travel France","FR","travel-and-leisure","EUR","10; 25; 50; 100; 250; 500; 1000; 2000; 3000","6","18 Months","https://assets.tillo.io/images/brands/vouchers/330x214/inspire-travel-fr.jpg"
"Inspire TravelCard","GB","travel-and-leisure","GBP","10; 25; 50; 100; 250; 500; 1000; 2000; 3000","6","18 months from date of issue","https://assets.tillo.io/images/brands/vouchers/330x214/inspire-travel.jpg"
"lastminute.com Flight Gift Card Italy","IT","travel-and-leisure","EUR","10; 25; 50; 100; 250; 500; 1000; 2000","2","12 months from the activation date","https://assets.tillo.io/images/brands/vouchers/330x214/flight-gift-card-it.jpg"
"Sony PSN Spain","ES","gaming","EUR","10; 20; 50; 60; 80; 100; 150; 200; 250","7","12 Months","https://assets.tillo.io/images/brands/vouchers/330x214/sony-psn-es.jpg"
"Grillfürst Germany","DE","food-and-drink; home","EUR","25; 50; 60; 100; 200; 500","5","30 months","https://assets.tillo.io/images/brands/vouchers/330x214/grillfurst-de.jpg"
"Vintage Inns","GB","food-and-drink","GBP","10; 25; 50; 100; 250","12","2 years from last load.","https://assets.tillo.io/images/brands/vouchers/330x214/vintage-inns.jpg"
"lastminute.com Germany Travel Gift Card","DE","","EUR","10; 25; 50; 100; 250; 500; 1000; 2000; 3000; 4000","2.35","3 years from activation or last use","https://assets.tillo.io/images/brands/vouchers/330x214/last-minute-de.jpg"
"BASKO Italy","IT","supermarket","EUR","10; 25; 50","1.5","1 year","https://assets.tillo.io/images/brands/vouchers/330x214/basko-it.jpg"
"Dehner Germany","DE","home","EUR","10; 20; 50; 100","5","3 years","https://assets.tillo.io/images/brands/vouchers/330x214/dehner-de.jpg"
"tastecard","GB","food-and-drink","GBP","20","12.5","Activate within 12 months","https://assets.tillo.io/images/brands/vouchers/330x214/tastecard.jpg"
"Circle K Latvia","LV","cars; food-and-drink; supermarket","EUR","25; 50; 100; 250; 500; 1000","1","24 Months","https://assets.tillo.io/images/brands/vouchers/330x214/circle-k-latvia.jpg"
"Outfittery Germany","DE","fashion; jewellery","EUR","15; 25; 50; 100; 150","14","30 months","https://assets.tillo.io/images/brands/vouchers/330x214/outfittery-de.jpg"
"Buono Enilive Digitale Italy","IT","other","EUR","10; 30; 50","0.5","No Expiry","https://assets.tillo.io/images/brands/vouchers/330x214/buono-enilive-digitale-it.jpg"
"Inspire Travel Spain","ES","travel-and-leisure","EUR","10; 25; 50; 100; 250; 500; 1000; 2000; 3000","6","18 Months","https://assets.tillo.io/images/brands/vouchers/330x214/inspire-travel-es.jpg"
"Unes Italy","IT","supermarket","EUR","10; 25; 50; 100; 150; 200; 250","3","12 months","https://assets.tillo.io/images/brands/vouchers/330x214/unes-it.jpg"
"Rituals Austria","AT","beauty; home","EUR","10; 25; 50; 100","10","No expiry","https://assets.tillo.io/images/brands/vouchers/330x214/rituals-at.jpg"
"Italo Italy","IT","travel-and-leisure","EUR","10; 20; 50; 100","3","12 months","https://assets.tillo.io/images/brands/vouchers/330x214/italo-it.jpg"
"GetYourGuide France","FR","travel-and-leisure","EUR","50; 100; 150; 200","6","2 years","https://assets.tillo.io/images/brands/vouchers/330x214/getyourguide-fr.jpg"
"Meet the World Germany","DE","craft; sports; travel-and-leisure","EUR","15; 25; 50","9","3 years","https://assets.tillo.io/images/brands/vouchers/330x214/meet-the-world-de.jpg"
"Keuze Cadeaukaart Europe","NL","baby; beauty; department-store; fashion; food-and-drink","EUR","10; 25; 50; 100; 250; 500","9","2 Years","https://assets.tillo.io/images/brands/vouchers/330x214/keuze-cadeaukaart-eur.jpg"
"Lucky Bike Germany","DE","sports","EUR","10; 15; 25; 50; 100; 200","5","32 months","https://assets.tillo.io/images/brands/vouchers/330x214/lucky-bike-de.jpg"
"Iperal Italy","IT","supermarket","EUR","20; 50; 100","2","6 months","https://assets.tillo.io/images/brands/vouchers/330x214/iperal-it.jpg"
"Volagratis Italy Holiday Gift Card - Flight + Hotel Packages","IT","travel-and-leisure","EUR","10; 25; 50; 100; 250; 500; 1000; 2000","5.5","12 months from activation","https://assets.tillo.io/images/brands/vouchers/330x214/volagratis-holiday-gift-it.jpg"
"Mango","GB","fashion","GBP","20; 25; 50; 100","3.5","No expiry","https://assets.tillo.io/images/brands/vouchers/330x214/mango.jpg"
"Amorelie Germany","DE","beauty","EUR","10; 15; 20; 25; 30; 35; 40; 44; 45; 50; 60; 75; 100","12","3 years","https://assets.tillo.io/images/brands/vouchers/330x214/amorelie-de.jpg"
"Tezenis France","FR","fashion","EUR","20; 30; 50; 100","5.5","3 years","https://assets.tillo.io/images/brands/vouchers/330x214/tezenis-fr.jpg"
"UTravel Italy","IT","travel-and-leisure","EUR","50; 100; 200; 500","7","1 year","https://assets.tillo.io/images/brands/vouchers/330x214/utravel-it.jpg"
"Rituals Portugal","PT","beauty; home","EUR","10; 25; 50; 100","10","No expiry","https://assets.tillo.io/images/brands/vouchers/330x214/rituals-pt.jpg"
"Media Markt Belgium","BE","electronics; home","EUR","20; 50; 100","0.5","12 months","https://assets.tillo.io/images/brands/vouchers/330x214/media-markt-be.jpg"
"Sixt Germany","DE","cars","EUR","15; 25; 50; 100","9","3 years","https://assets.tillo.io/images/brands/vouchers/330x214/sixt-de.jpg"
"lastminute.com France Travel Gift Card","FR","","EUR","10; 25; 50; 100; 250; 500; 1000; 2000; 3000; 4000","2.35","12 months from activation/request","https://assets.tillo.io/images/brands/vouchers/330x214/last-minute-fr.jpg"
"Jochen Schweizer Germany","DE","craft; sports; travel-and-leisure","EUR","10; 15; 20; 25","9","2 years","https://assets.tillo.io/images/brands/vouchers/330x214/jochen-schweizer-de.jpg"
"Magazingutschein Germany","DE","books; music","EUR","25","19","3 years","https://assets.tillo.io/images/brands/vouchers/330x214/magazingutschein-de.jpg"
"Superdry","GB","fashion","GBP","10; 25; 50; 100; 250; 500","7","Gift Cards are valid for 24 months from the activation date. Any remaining balance left on the card after 24 months will be removed and the card will become invalid and no longer available for use","https://assets.tillo.io/images/brands/vouchers/330x214/superdry.jpg"
"lastminute.com Belgium Travel Gift Card","BE","travel-and-leisure","EUR","10; 25; 50; 100; 250; 500; 1000; 2000; 3000; 4000","2.35","12 Months from Activation","https://assets.tillo.io/images/brands/vouchers/330x214/lastminutecom-travel-gift-card-belgium.jpg"
"Laithwaite's Wine","GB","food-and-drink","GBP","10; 25; 50; 100; 250; 500; 1000","12","24 months from issue","https://assets.tillo.io/images/brands/vouchers/330x214/laithwaites.jpg"
"Globetrotter Germany","DE","fashion; jewellery; sports","EUR","10; 15; 20; 25; 44; 50; 100","11","3 years","https://assets.tillo.io/images/brands/vouchers/330x214/globetrotter-de.jpg"
"FAO Schwarz Italy","IT","department-store","EUR","25; 50; 100; 200","7","1 year","https://assets.tillo.io/images/brands/vouchers/330x214/fao-schwarz-it.jpg"
"Gymondo Germany","DE","sports","EUR","13; 78","24","30 months","https://assets.tillo.io/images/brands/vouchers/330x214/gymondo-de.jpg"
"Dots.eco - Restore 1 fragment of coral reef EUR","IE; AT; BE; HR; CY; EE; FI; FR; DE; GR; IT; LV; LT; LU; MT; NL; PT; SK; SI; ES","charity","EUR","10; 25; 50; 100; 250; 500; 1000; 2000; 3000; 4000; 5000","29.65","N/A","https://assets.tillo.io/images/brands/vouchers/330x214/restore-fragment-of-coral-reef-eur.jpg"
"Lavish Spa Vouchers","GB","travel-and-leisure","GBP","10; 25; 50; 100; 250; 500","10","12 months from activation","https://assets.tillo.io/images/brands/vouchers/330x214/lavish.jpg"
"Rewe Germany","DE","","EUR","10; 15; 20; 25; 30; 40; 44; 45; 50; 60; 100; 150","0.25","2 years","https://assets.tillo.io/images/brands/vouchers/330x214/rewe-de.jpg"
"Mondadori Store Italy","IT","books; gaming; music; toys; tv-and-movies","EUR","10; 25; 50; 100","4.5","12 months","https://assets.tillo.io/images/brands/vouchers/330x214/mondadori-store-it.jpg"
"Dots.eco - Fighting Wildfires UK","GB","charity","GBP","10; 25; 50; 100; 250; 500; 1000; 2000; 3000; 4000; 5000","38","N/A","https://assets.tillo.io/images/brands/vouchers/330x214/dotseco-fighting-wildfires-uk.jpg"
"FlixTrain Germany","DE","cars; craft; travel-and-leisure","EUR","10; 15; 25; 40","6.5","30 months","https://assets.tillo.io/images/brands/vouchers/330x214/flixtrain-de.jpg"
"HotelsGift IE","IE","travel-and-leisure","EUR","50; 100; 250; 500; 1000; 2000; 3000; 4000; 5000","7.5","60 months from activation or last use","https://assets.tillo.io/images/brands/vouchers/330x214/hotelsgift-ie.jpg"
"The Wellness Card","GB","other","GBP","10; 25; 50; 100; 250","13","12 Months","https://assets.tillo.io/images/brands/vouchers/330x214/the-wellness-card.jpg"
"FlystayGift EU","AT; BE; FI; FR; IT; NL; ES","travel-and-leisure","EUR","50; 100; 250; 500; 1000; 2000; 3000; 4000; 5000","7.5","12 months from activation or last use","https://assets.tillo.io/images/brands/vouchers/330x214/flystaygift-eu.jpg"
"DAZN Spain","ES","tv-and-movies","EUR","29.99; 79.99; 149.99","2.5","1 year","https://assets.tillo.io/images/brands/vouchers/330x214/dazn-es.jpg"
"eLearnGift EU","AT; BE; FI; FR; IT; NL; ES","","EUR","50; 100; 250; 500; 1000; 2000; 3000; 4000; 5000","7.5","12 months from activation or last use","https://assets.tillo.io/images/brands/vouchers/330x214/elearngift-eu.jpg"
"Golf House Germany","DE","sports","EUR","10; 15; 25; 50","8","30 months","https://assets.tillo.io/images/brands/vouchers/330x214/golf-house-de.jpg"
"Wonderbox France","FR","","EUR","10; 25; 50; 100","12","12 months","https://assets.tillo.io/images/brands/vouchers/330x214/wonderbox-fr.jpg"
"Giunti al Punto Italy","IT","books","EUR","10; 25; 50; 100","3.5","12 months","https://assets.tillo.io/images/brands/vouchers/330x214/giunti-al-punto-it.jpg"
"ITA AIRWAYS Italy","IT","travel-and-leisure","EUR","50; 100; 200; 500; 1000","4","1 year","https://assets.tillo.io/images/brands/vouchers/330x214/ita-airways-it.jpg"
"Circle K Lithuania","LT","cars; food-and-drink; supermarket","EUR","25; 50; 100; 250; 500; 1000","1","24 Months","https://assets.tillo.io/images/brands/vouchers/330x214/circle-k-lithuania.jpg"
"Tigotà Italy","IT","beauty; home","EUR","10; 25; 50","1","12 months","https://assets.tillo.io/images/brands/vouchers/330x214/tigota-it.jpg"
"The Dining Out Card","GB","food-and-drink","GBP","10; 25; 50; 100; 250; 500","12","2 years from last load.","https://assets.tillo.io/images/brands/vouchers/330x214/the-dining-out-card.jpg"
"VISTASì Italy","IT","other","EUR","10; 25; 50; 100","1.5","12 months","https://assets.tillo.io/images/brands/vouchers/330x214/vistasi-it.jpg"
"Dots.eco - Save a sea turtle hatchling EUR","IE; AT; BE; HR; CY; EE; FI; FR; DE; GR; IT; LV; LT; LU; MT; NL; PT; SK; SI; ES","charity","EUR","10; 25; 50; 100; 250; 500; 1000; 2000; 3000; 4000; 5000","29.65","N/A","https://assets.tillo.io/images/brands/vouchers/330x214/save-a-sea-turtle-hatchling-eur.jpg"
"IKEA Spain","ES","","EUR","10; 20; 25; 45; 50; 100","4","12 Months","https://assets.tillo.io/images/brands/vouchers/330x214/ikea-es.jpg"
"Habitat Cashback","GB","home","GBP","10; 25; 50; 100; 250; 500","4.25","24 months from activation","https://assets.tillo.io/images/brands/vouchers/330x214/habitat-cashback-uk.jpg"
"Tigros Italy","IT","supermarket","EUR","10; 25; 50; 100","1","1 year","https://assets.tillo.io/images/brands/vouchers/330x214/tigros-it.jpg"
"Tinder Plus & Gold Italy","IT","other","EUR","13; 23","15","36 Months","https://assets.tillo.io/images/brands/vouchers/330x214/tinder-plus-it.jpg"
"Shoepassion Germany","DE","fashion; jewellery","EUR","25; 50; 100","9","1 year","https://assets.tillo.io/images/brands/vouchers/330x214/shoepassion-de.jpg"
"Futterhaus Germany","DE","home","EUR","10; 15; 20; 25; 50","7","3 years","https://assets.tillo.io/images/brands/vouchers/330x214/futterhaus-de.jpg"
"AirlineGift EU","AT; BE; FI; FR; IT; NL; ES","travel-and-leisure","EUR","50; 100; 250; 500; 1000; 2000; 3000; 4000; 5000","7.5","12 months from activation or last use","https://assets.tillo.io/images/brands/vouchers/330x214/airlinegift-eu.jpg"
"Schuh UK","GB","fashion","GBP","10; 25; 50; 100; 250","9","24 months","https://assets.tillo.io/images/brands/vouchers/330x214/schuh-uk.jpg"
"bol Netherlands","NL","department-store","EUR","10; 25; 50; 100","3","36 months","https://assets.tillo.io/images/brands/vouchers/330x214/bol-com-nl.jpg"
"Royal Caribbean by Inspire","GB","travel-and-leisure","GBP","10; 25; 50; 100; 250; 500; 1000; 2000; 3000","6","18 months from date of issue","https://assets.tillo.io/images/brands/vouchers/330x214/inspire-royal-caribbean.jpg"
"Inspire Travel Europe","IE; FR; DE; IT; ES","travel-and-leisure","EUR","10; 25; 50; 100; 250; 500; 1000; 2000; 3000","6","18 months from date of issue (Can be extended if requested via Inspire Customer Service)","https://assets.tillo.io/images/brands/vouchers/330x214/inspire-travel-ie.jpg"
"emilio adani Germany","DE","fashion; jewellery","EUR","10; 20; 50","13","33 months","https://assets.tillo.io/images/brands/vouchers/330x214/emilio-adani-de.jpg"
"Tezenis Austria","AT","fashion","EUR","20; 30; 50; 100","5.5","3 years","https://assets.tillo.io/images/brands/vouchers/330x214/tezenis-at.jpg"
"Pets Deli Germany","DE","food-and-drink","EUR","15; 25; 50","14","30 months","https://assets.tillo.io/images/brands/vouchers/330x214/pets-deli-de.jpg"
"Totally Well","GB","beauty; fashion","GBP","10; 25; 50; 100; 250; 500","4","This e-gift will be valid for 12 months from date of purchase. Any remaining balance will be cancelled on expiry of the validity period.","https://assets.tillo.io/images/brands/vouchers/330x214/totally-well.jpg"
"Spotify France","FR","music","EUR","11; 33; 66","6","12 Months","https://assets.tillo.io/images/brands/vouchers/330x214/spotify-france.jpg"
"Kaufland Germany","DE","other","EUR","10; 25; 50","","3 years","https://assets.tillo.io/images/brands/vouchers/330x214/kaufland-de.jpg"
"Nicholson's","GB","food-and-drink","GBP","10; 25; 50; 100; 250","12","2 years from last load.","https://assets.tillo.io/images/brands/vouchers/330x214/nicholsons.jpg"
"Upim Italy","IT","department-store","EUR","25; 50; 100; 150; 200","3","6 months","https://assets.tillo.io/images/brands/vouchers/330x214/upim-it.jpg"
"Buyagift","GB","travel-and-leisure","GBP","10; 25; 50; 100; 250; 500; 1000","20","12 months from purchase.","https://assets.tillo.io/images/brands/vouchers/330x214/buyagift.jpg"
"Racingbreaks.com","GB","travel-and-leisure","GBP","25; 50; 100; 500","10","All gift vouchers are valid for 12 months from date of purchase.","https://assets.tillo.io/images/brands/vouchers/330x214/racing-breaks.jpg"
"Kiabi Italy","IT","fashion","EUR","10; 25; 50","3","12 months","https://assets.tillo.io/images/brands/vouchers/330x214/kiabi-it.jpg"
"Piquadro.com Italy","IT","fashion","EUR","25; 50; 100","9","12 Months","https://assets.tillo.io/images/brands/vouchers/330x214/piquadro-it.jpg"
"YouChoose Fashion & Beauty Digital","GB","beauty; fashion","GBP","10; 25; 50; 100; 250","6","12 months from issuance","https://assets.tillo.io/images/brands/vouchers/330x214/youchoose-fashion-beauty-digital.jpg"
"Decathlon Italy","IT","fashion; sports","EUR","10; 25; 50; 100","4","6 months","https://assets.tillo.io/images/brands/vouchers/330x214/decathlon-it.jpg"
"Maisons du Monde Germany","DE","home","EUR","20; 50; 100; 200; 500","7","3 years","https://assets.tillo.io/images/brands/vouchers/330x214/maisons-du-monde-de.jpg"
"Arsenal Football Club","GB","sports","GBP","10; 25; 50; 100; 250; 500","11","12 months from date of purchase or last date of use","https://assets.tillo.io/images/brands/vouchers/330x214/arsenal.jpg"
"Reisen Aktuell Germany","DE","craft; travel-and-leisure","EUR","50; 75; 100; 150","3.5","3 years","https://assets.tillo.io/images/brands/vouchers/330x214/reisen-aktuell-de.jpg"
"Unieuro Italy","IT","electronics","EUR","25; 50; 100","1","1 year","https://assets.tillo.io/images/brands/vouchers/330x214/unieuro-it.jpg"
"Rituals Spain","ES","beauty; home","EUR","10; 25; 50; 100","10","No expiry","https://assets.tillo.io/images/brands/vouchers/330x214/rituals-es.jpg"
"Mango Austria","AT","fashion","EUR","25; 50","9","2 years","https://assets.tillo.io/images/brands/vouchers/330x214/mango-at.jpg"
"Mango Netherlands","NL","fashion","EUR","25; 50","9","No expiry","https://assets.tillo.io/images/brands/vouchers/330x214/mango-nl.jpg"
"Tinder Plus & Gold Germany","DE","other","EUR","14; 25","15","3 years","https://assets.tillo.io/images/brands/vouchers/330x214/tinder-plus-de.jpg"
"Lifestyle Gift Cards UK","GB","fashion; home; other","GBP","10; 25; 50; 100; 250; 500; 1000","6","18 months","https://assets.tillo.io/images/brands/vouchers/330x214/lifestyle-gift-cards-uk.jpg"
"Rituals Ireland","IE","beauty; home","EUR","10; 25; 50; 100","10","No Expiry","https://assets.tillo.io/images/brands/vouchers/330x214/rituals-ie.jpg"
"Dots.eco - Offset 10 kgs of CARBON EMISSIONS UK","GB","charity","GBP","10; 25; 50; 100; 250; 500; 1000; 2000; 3000; 4000; 5000","38","N/A","https://assets.tillo.io/images/brands/vouchers/330x214/offset-carbon-emissions-uk.jpg"
"Falconeri Austria","AT","fashion","EUR","30; 50; 75; 100; 150; 200; 250","5.5","3 years","https://assets.tillo.io/images/brands/vouchers/330x214/falconeri-at.jpg"
"Xbox Game Pass Ultimate UK","GB","gaming","GBP","12.99; 38.99","15.7","No Expiry.","https://assets.tillo.io/images/brands/vouchers/330x214/xbox-game-pass-ultimate-uk.jpg"
"Venchi Italy","IT","food-and-drink","EUR","25; 50; 100","4","6 months","https://assets.tillo.io/images/brands/vouchers/330x214/venchi-it.jpg"
"Esselunga Italy","IT","supermarket","EUR","10; 25; 50; 100","1.5","24 months","https://assets.tillo.io/images/brands/vouchers/330x214/esselunga-it.jpg"
"Kasanova Italy","IT","home","EUR","10; 25; 50; 100; 150; 200; 250","3","12 months","https://assets.tillo.io/images/brands/vouchers/330x214/kasanova-it.jpg"
"TripLegend Germany","DE","craft; travel-and-leisure","EUR","25; 50; 100; 150; 250","9","3 years","https://assets.tillo.io/images/brands/vouchers/330x214/triplegend-de.jpg"
"Miller & Carter","GB","food-and-drink","GBP","10; 25; 50; 100; 250","12","2 years from last load.","https://assets.tillo.io/images/brands/vouchers/330x214/miller-and-carter.jpg"
"JD Sports France","FR","fashion; sports","EUR","10; 25; 50; 100; 250","9","12 months from purchase","https://assets.tillo.io/images/brands/vouchers/330x214/jd-sports-fr.jpg"
"Carrefour ES","ES","supermarket","EUR","10; 20; 25; 50; 100","1","12 meses","https://assets.tillo.io/images/brands/vouchers/330x214/carrefour-es.jpg"
"WWF Germany","DE","charity","EUR","10; 15; 20; 50","4","3 years","https://assets.tillo.io/images/brands/vouchers/330x214/wwf-de.jpg"
"Signorvino","IT","food-and-drink","EUR","10; 25; 50; 100","2","24 months from purchase","https://assets.tillo.io/images/brands/vouchers/330x214/signorvino.jpg"
"RentacarGift","GB","cars","GBP","50; 100; 250; 500; 1000; 2000; 3000; 4000; 5000","7.5","12 months from activation or last use","https://assets.tillo.io/images/brands/vouchers/330x214/rentacargift.jpg"
"Starbucks Germany","DE","food-and-drink; sports","EUR","10; 50","3","3 years","https://assets.tillo.io/images/brands/vouchers/330x214/starbucks-de.jpg"
"Lastminute.de Germany Holiday Gift Card - Flight + Hotel Packages","DE","travel-and-leisure","EUR","10; 25; 50; 100; 250; 500; 1000; 2000","5.5","3 years from activation","https://assets.tillo.io/images/brands/vouchers/330x214/last-minute-holiday-gift-de.jpg"
"myCARE Versandapotheke Germany","DE","beauty","EUR","10; 20","8","30 months","https://assets.tillo.io/images/brands/vouchers/330x214/mycare-versandapotheke-de.jpg"
"Pizza Express","GB","food-and-drink","GBP","10; 25; 50; 100; 250; 500","10","24 months","https://assets.tillo.io/images/brands/vouchers/330x214/pizza-express.jpg"
"Shop Apotheke Germany","DE","other","EUR","10; 25; 50","5","2 years","https://assets.tillo.io/images/brands/vouchers/330x214/shop-apotheke-de.jpg"
"Thalia Germany","DE","books; music","EUR","10; 15; 20; 25; 44; 50","8","3 years","https://assets.tillo.io/images/brands/vouchers/330x214/thalia-de.jpg"
"Guess Italy","IT","","EUR","25; 50; 100","4","24 months","https://assets.tillo.io/images/brands/vouchers/330x214/guess-it.jpg"
"Jotex Germany","DE","home","EUR","20; 50; 100","14","30 months","https://assets.tillo.io/images/brands/vouchers/330x214/jotex-de.jpg"
"zooplus Germany","DE","home","EUR","10; 20; 25; 30; 44; 50; 100","9","3 years","https://assets.tillo.io/images/brands/vouchers/330x214/zooplus-de.jpg"
"B&M","GB","baby; beauty; craft; home; other; toys","GBP","10; 25; 50; 100; 250; 500; 1000","7","24 months from purchase","https://assets.tillo.io/images/brands/vouchers/330x214/b-and-m.jpg"
"Intimissimi Germany","DE","fashion","EUR","30; 50; 70; 100","5.5","3 years","https://assets.tillo.io/images/brands/vouchers/330x214/intimissimi-de.jpg"
"Scarpe&Scarpe Italy","IT","fashion","EUR","10; 25; 50; 100; 150; 200","4","12 months","https://assets.tillo.io/images/brands/vouchers/330x214/scarpe-and-scarpe-it.jpg"
"Rumbo Spain Holiday Gift Card - Flight + Hotel Packages","ES","travel-and-leisure","EUR","10; 25; 50; 100; 250; 500; 1000; 2000","5.5","12 months from activation","https://assets.tillo.io/images/brands/vouchers/330x214/rumbo-holiday-gift-es.jpg"
"Decathlon Netherlands","NL","fashion; sports","EUR","10; 50; 100","3","No Expiry","https://assets.tillo.io/images/brands/vouchers/330x214/decathlon-ne.jpg"
"TripGift IE","IE","travel-and-leisure","EUR","50; 100; 250; 500; 1000; 2000; 3000; 4000; 5000","7.5","60 months from activation or last use","https://assets.tillo.io/images/brands/vouchers/330x214/tripgift-ie.jpg"
"Babbel.com Germany","DE","books; craft; music; travel-and-leisure","EUR","60; 85","8","3 years","https://assets.tillo.io/images/brands/vouchers/330x214/babbel-com-de.jpg"
"Expert Italy","IT","electronics","EUR","20; 50; 100; 200","1","1 year","https://assets.tillo.io/images/brands/vouchers/330x214/expert-it.jpg"
"Dots.eco - Restore 1 fragment of coral reef UK","GB","charity","GBP","10; 25; 50; 100; 250; 500; 1000; 2000; 3000; 4000; 5000","38","N/A","https://assets.tillo.io/images/brands/vouchers/330x214/restore-fragment-of-coral-reef-uk.jpg"
"Peter Pane Germany","DE","food-and-drink","EUR","15; 25; 50","14","3 years","https://assets.tillo.io/images/brands/vouchers/330x214/peter-pane-de.jpg"
"Dots.eco - Plant a tree where needed the most EUR","IE; AT; BE; HR; CY; EE; FI; FR; DE; GR; IT; LV; LT; LU; MT; NL; PT; SK; SI; ES","charity","EUR","10; 25; 50; 100; 250; 500; 1000; 2000; 3000; 4000; 5000","29.65","N/A","https://assets.tillo.io/images/brands/vouchers/330x214/plant-a-tree-eur.jpg"
"DAZN STANDARD Italy","IT","sports","EUR","44.99; 119.99","2.5","1 year","https://assets.tillo.io/images/brands/vouchers/330x214/dazn-standard-it.jpg"
"Azteco Bitcoin Voucher - On-chain EUR","IE; AT; BE; CY; CZ; DK; EE; FI; FR; DE; GR; HU; IT; LV; LT; LU; MT; NL; PL; PT; RO; SK; SI; ES; SE","cryptocurrency","EUR","25; 50; 100; 250; 500","7","30 Days","https://assets.tillo.io/images/brands/vouchers/330x214/azteco-bitcoin-voucher-on-chain-eur.jpg"
"Tannico.it","IT","food-and-drink","EUR","25; 50; 75; 100","7","6 months","https://assets.tillo.io/images/brands/vouchers/330x214/tannico-it.jpg"
"Iper Tosano Italy","IT","supermarket","EUR","25; 50; 100","1.5","6 months","https://assets.tillo.io/images/brands/vouchers/330x214/iper-tosano-it.jpg"
"Spotify","GB","music","GBP","12; 36; 72; 120","7","12 months from activation","https://assets.tillo.io/images/brands/vouchers/330x214/spotify.jpg"
"MEINE JUNGS Germany","DE","fashion; jewellery","EUR","10; 25; 50","8","3 years","https://assets.tillo.io/images/brands/vouchers/330x214/meine-jungs-de.jpg"
"Inspire Staycation Card","GB","travel-and-leisure","GBP","10; 25; 50; 100; 250; 500; 1000; 2000; 3000","6","18 months from date of issue","https://assets.tillo.io/images/brands/vouchers/330x214/inspire-staycation.jpg"
"Trony Italy","IT","electronics; home","EUR","10; 25; 50; 100; 150; 200; 250","1","12 months","https://assets.tillo.io/images/brands/vouchers/330x214/trony-it.jpg"
"Rossetto Italy","IT","beauty","EUR","25; 50; 100","1.5","6 months","https://assets.tillo.io/images/brands/vouchers/330x214/rossetto-it.jpg"
"Bottega Verde Italy","IT","beauty","EUR","10; 25; 50","4","6 months","https://assets.tillo.io/images/brands/vouchers/330x214/bottega-verde-it.jpg"
"WellCard Germany","DE","beauty; craft; sports; travel-and-leisure","EUR","10; 15; 25; 50; 100","9","3 years","https://assets.tillo.io/images/brands/vouchers/330x214/wellcard-de.jpg"
"HIRMER Germany","DE","fashion; jewellery","EUR","10; 15; 25; 50; 100","7","30 months","https://assets.tillo.io/images/brands/vouchers/330x214/hirmer-de.jpg"
"Bimbostore Italy","IT","baby","EUR","10; 25; 50; 100; 200; 250","6","12 months","https://assets.tillo.io/images/brands/vouchers/330x214/bimbostore-it.jpg"
"Halfords","GB","cars; cycling","GBP","10; 25; 50; 100; 250; 500; 1000","6","2 years","https://assets.tillo.io/images/brands/vouchers/330x214/halfords.jpg"
"Disneyland Paris by Inspire","GB","travel-and-leisure","GBP","10; 25; 50; 100; 250; 500; 1000; 2000; 3000","6","18 months from date of issue","https://assets.tillo.io/images/brands/vouchers/330x214/inspire-disneyland-paris.jpg"
"YouChoose All Access Digital","GB","other","GBP","10; 25; 50; 100; 250","6","12 months from issuance","https://assets.tillo.io/images/brands/vouchers/330x214/youchoose-all-access-digital.jpg"
"Interflora Italy","IT","other","EUR","30; 50","11","12 months","https://assets.tillo.io/images/brands/vouchers/330x214/interflora-it.jpg"
"Tinder Plus & Gold Spain","ES","other","EUR","13; 23","15","36 Months","https://assets.tillo.io/images/brands/vouchers/330x214/tinder-plus-es.jpg"
"Zizzi","GB","food-and-drink","GBP","10; 25; 50; 100","9","12 months from initial load","https://assets.tillo.io/images/brands/vouchers/330x214/zizzi.jpg"
"Circle K No Fuel Estonia","EE","food-and-drink; supermarket","EUR","10; 25; 50; 100; 250; 500; 1000; 2000; 3000","5","24 Months","https://assets.tillo.io/images/brands/vouchers/330x214/circle-k-no-fuel-estonia.jpg"
"mydays Germany","DE","craft; sports; travel-and-leisure","EUR","10; 20; 25","11","2 years","https://assets.tillo.io/images/brands/vouchers/330x214/mydays-de.jpg"
"Idea Shopping Italy","IT","baby; beauty; books; fashion; electronics; food-and-drink; home; jewellery; toys; travel-and-leisure; tv-and-movies","EUR","10; 25; 50; 100; 150; 200","0.5","6 months","https://assets.tillo.io/images/brands/vouchers/330x214/idea-shopping-it.jpg"
"Hawesko Germany","DE","food-and-drink","EUR","25; 30; 50","14","3 years","https://assets.tillo.io/images/brands/vouchers/330x214/hawesko-de.jpg"
"Prezzo","GB","food-and-drink","GBP","10; 25; 50; 100; 250; 500","10","18 months from purchase.","https://assets.tillo.io/images/brands/vouchers/330x214/prezzo.jpg"
"Nintendo Switch Online","GB","gaming","GBP","17.99","10","No expiry","https://assets.tillo.io/images/brands/vouchers/330x214/nintendo-switch-online-uk.jpg"
"Hotelgiftcard Europe","AT; BE; HR; CY; FI; FR; DE; GR; IT; LV; LT; LU; MT; NL; PT; SK; SI; ES","travel-and-leisure","EUR","10; 25; 50; 100; 250; 500","14","2 Years","https://assets.tillo.io/images/brands/vouchers/330x214/hotelgiftcard-eur.jpg"
"Dots.eco - Save a sea turtle hatchling UK","GB","charity","GBP","10; 25; 50; 100; 250; 500; 1000; 2000; 3000; 4000; 5000","38","N/A","https://assets.tillo.io/images/brands/vouchers/330x214/save-a-sea-turtle-hatchling-uk.jpg"
"Pizza Hut","GB","food-and-drink","GBP","10; 25; 50; 100; 250","11","24 months","https://assets.tillo.io/images/brands/vouchers/330x214/pizza-hut.jpg"
"lastminute.com Hotel Gift Card UK","GB","travel-and-leisure","GBP","10; 25; 50; 100; 250; 500; 1000; 2000; 3000; 4000","5.5","12 months from activation","https://assets.tillo.io/images/brands/vouchers/330x214/hotel-gift-card-uk.jpg"
"Travelcircus Germany","DE","craft; travel-and-leisure","EUR","50; 100; 150; 250","9","30 months","https://assets.tillo.io/images/brands/vouchers/330x214/travelcircus-de.jpg"
"Caffè Nero","GB","food-and-drink","GBP","10; 25; 50; 100","10.5","18 months from last top-up or redemption","https://assets.tillo.io/images/brands/vouchers/330x214/caffe-nero.jpg"
"IP Italy","IT","","EUR","10; 25; 50","0.5","6 months","https://assets.tillo.io/images/brands/vouchers/330x214/ip-it.jpg"
"Boots Online","GB","beauty","GBP","10; 25; 50; 100; 250","4","24 months","https://assets.tillo.io/images/brands/vouchers/330x214/boots-digital.jpg"
"M&S","GB","department-store; supermarket","GBP","10; 25; 50; 100; 250; 500; 1000","6.5","Gift cards and e-gift cards are valid for the period which is the later of (i) 48 months from the date of issue, or (ii) 48 months from the date of the last transaction.","https://assets.tillo.io/images/brands/vouchers/330x214/m-and-s.jpg"
"Côte Brasserie","GB","food-and-drink","GBP","10; 25; 50; 100; 250; 500","10","13 Months from activation","https://assets.tillo.io/images/brands/vouchers/330x214/cote-brasserie.jpg"
"Atrapalo Spain","ES","travel-and-leisure","EUR","10; 25; 50","7.5","No expiry","https://assets.tillo.io/images/brands/vouchers/330x214/atrapalo-es.jpg"
"Fnac-Darty France","FR","other","EUR","10; 25; 50; 100","3","6 months","https://assets.tillo.io/images/brands/vouchers/330x214/fnac-darty-fr.jpg"
"CECIL Germany","DE","fashion; jewellery","EUR","10; 25; 50; 100","6","3 years","https://assets.tillo.io/images/brands/vouchers/330x214/cecil-de.jpg"
"B&B HOTELS Germany","DE","craft; travel-and-leisure","EUR","25; 50; 75; 100; 250","11","3 years","https://assets.tillo.io/images/brands/vouchers/330x214/b-and-b-hotels-de.jpg"
"Media Markt Spain","ES","electronics","EUR","10; 25; 50; 100; 150","2","No Expiry","https://assets.tillo.io/images/brands/vouchers/330x214/media-markt-es.jpg"
"TheFork Spain","ES","food-and-drink","EUR","10; 20; 25; 40; 45; 50; 100","4.5","18 Months","https://assets.tillo.io/images/brands/vouchers/330x214/thefork-es.jpg"
"Decathlon Portugal","PT","fashion; sports","EUR","50","4","No Expiry","https://assets.tillo.io/images/brands/vouchers/330x214/decathlon-pt.jpg"
"Dille & Kamille Germany","DE","home","EUR","10; 15; 25; 50","11","30 months","https://assets.tillo.io/images/brands/vouchers/330x214/dille-and-kamille-de.jpg"
"Fleurop Germany","DE","home","EUR","10; 15; 20; 25; 50","4","3 years","https://assets.tillo.io/images/brands/vouchers/330x214/fleurop-de.jpg"
"Lastminute.com Italy Holiday Gift Card - Flight + Hotel Packages","IT","travel-and-leisure","EUR","10; 25; 50; 100; 250; 500; 1000; 2000","5.5","12 months from activation","https://assets.tillo.io/images/brands/vouchers/330x214/last-minute-holiday-gift-it.jpg"
"lastminute.com Hotel Gift Card France","FR","travel-and-leisure","EUR","10; 25; 50; 100; 250; 500; 1000; 2000; 3000; 4000","5.5","12 months from activation","https://assets.tillo.io/images/brands/vouchers/330x214/hotel-gift-card-fr.jpg"
"Pam Panorama Italy","IT","supermarket","EUR","10; 25; 50; 100","2.5","6 months","https://assets.tillo.io/images/brands/vouchers/330x214/pam-panorama-it.jpg"
"YouChoose Food & Drink Digital","GB","food-and-drink","GBP","10; 25; 50; 100; 250","6","12 months from issuance","https://assets.tillo.io/images/brands/vouchers/330x214/youchoose-food-drink-digital.jpg"
"ToursGift EU","AT; BE; FI; FR; IT; NL; ES","travel-and-leisure","EUR","50; 100; 250; 500; 1000; 2000; 3000; 4000; 5000","7.5","12 months from activation or last use","https://assets.tillo.io/images/brands/vouchers/330x214/toursgift-eu.jpg"
"INTERSPORT Germany","DE","fashion; jewellery; sports","EUR","10; 15; 25; 44; 50; 100","6","3 years","https://assets.tillo.io/images/brands/vouchers/330x214/intersport-de.jpg"
"H Samuel","GB","jewellery","GBP","10; 25; 50; 100; 250; 500; 1000; 2000","7.5","24 months of consecutive non-use","https://assets.tillo.io/images/brands/vouchers/330x214/hsamuel.jpg"
"OBI Germany","DE","craft; electronics; home; travel-and-leisure","EUR","15; 25; 50; 100","4","3 years","https://assets.tillo.io/images/brands/vouchers/330x214/obi-de.jpg"
"Saturn Germany","DE","electronics","EUR","10; 15; 20; 50; 100","2.5","5 years","https://assets.tillo.io/images/brands/vouchers/330x214/saturn-de.jpg"
"Red Letter Days","GB","travel-and-leisure","GBP","10; 25; 50; 100; 250; 500; 1000","20","12 months from purchase.","https://assets.tillo.io/images/brands/vouchers/330x214/red-letter-days.jpg"
"Hoseasons by Inspire","GB","travel-and-leisure","GBP","10; 25; 50; 100; 250; 500; 1000; 2000; 3000","6","18 months from date of issue","https://assets.tillo.io/images/brands/vouchers/330x214/inspire-hoseasons.jpg"
"Engbers Germany","DE","fashion; jewellery","EUR","10; 20; 25; 50","13","33 months","https://assets.tillo.io/images/brands/vouchers/330x214/engbers-de.jpg"
"lastminute.com Hotel Gift Card Italy","IT","travel-and-leisure","EUR","10; 25; 50; 100; 250; 500; 1000; 2000; 3000; 4000","5.5","12 months from the activation date","https://assets.tillo.io/images/brands/vouchers/330x214/gift-card-hotel-it.jpg"
"GameStop Italy","IT","electronics; gaming","EUR","30; 50; 100","3","12 months","https://assets.tillo.io/images/brands/vouchers/330x214/gamestop-it.jpg"
"Virgin Wines","GB","food-and-drink","GBP","10; 25; 50; 100; 250; 500; 1000; 2000","13","2 years","https://assets.tillo.io/images/brands/vouchers/330x214/virgin-wines.jpg"
"FlystayGift IE","IE","travel-and-leisure","EUR","50; 100; 250; 500; 1000; 2000; 3000; 4000; 5000","7.5","60 months from activation or last use","https://assets.tillo.io/images/brands/vouchers/330x214/flystaygift-ie.jpg"
"National Book Tokens Ireland","IE","books","EUR","10; 25; 50; 100; 250","10","8 years","https://assets.tillo.io/images/brands/vouchers/330x214/national-book-tokens-ireland.jpg"
"Urban Pubs UK","GB","food-and-drink; travel-and-leisure","GBP","10; 25; 50; 100; 250; 500","9","12 Months","https://assets.tillo.io/images/brands/vouchers/330x214/urban-pubs-uk.jpg"
"United Colors of Benetton Italy","IT","fashion","EUR","25","4","12 months","https://assets.tillo.io/images/brands/vouchers/330x214/united-colors-of-benetton-it.jpg"
"RentacarGift DE","DE","cars","EUR","50; 100; 250; 500; 1000; 2000; 3000; 4000; 5000","7.5","36 months from activation or last use","https://assets.tillo.io/images/brands/vouchers/330x214/rentacargift-de.jpg"
"Eat the World Germany","DE","food-and-drink","EUR","15; 25; 50","9","3 years","https://assets.tillo.io/images/brands/vouchers/330x214/eat-the-world-de.jpg"
"The Golf Gift Card","GB","fashion; sports; travel-and-leisure","GBP","25; 50; 100; 250","6","12 months","https://assets.tillo.io/images/brands/vouchers/330x214/the-golf-gift-card-new-uk.jpg"
"Prenatal Portugal","PT","baby","EUR","25; 50","5","2 years","https://assets.tillo.io/images/brands/vouchers/330x214/prenatal-pt.jpg"
"Die moderne Germany","DE","baby; home; toys","EUR","15; 25; 50","6","30 months","https://assets.tillo.io/images/brands/vouchers/330x214/die-moderne-de.jpg"
"Dots.eco - Protect 10 sqm of Marine Habitat EUR","IE; AT; BE; HR; CY; EE; FI; FR; DE; GR; IT; LV; LT; LU; MT; NL; PT; SK; SI; ES","charity","EUR","10; 25; 50; 100; 250; 500; 1000; 2000; 3000; 4000; 5000","29.65","N/A","https://assets.tillo.io/images/brands/vouchers/330x214/protect-marine-eur.jpg"
"RentacarGift IE","IE","cars","EUR","50; 100; 250; 500; 1000; 2000; 3000; 4000; 5000","7.5","60 months from activation or last use","https://assets.tillo.io/images/brands/vouchers/330x214/rentacargift-ie.jpg"
"smartsteuer Germany","DE","electronics","EUR","10; 15; 25","8","30 months","https://assets.tillo.io/images/brands/vouchers/330x214/smartsteuer-de.jpg"
"HotelsGift","GB","travel-and-leisure","GBP","50; 100; 250; 500; 1000; 2000; 3000; 4000; 5000","7.5","12 months from activation or last use","https://assets.tillo.io/images/brands/vouchers/330x214/hotelsgift.jpg"
"Street One Germany","DE","fashion; jewellery","EUR","10; 20; 25; 50; 100","9","3 years","https://assets.tillo.io/images/brands/vouchers/330x214/street-one-de.jpg"
"SUSHI BIKES Germany","DE","cars; sports","EUR","25; 50; 100; 250","5","2 years","https://assets.tillo.io/images/brands/vouchers/330x214/sushi-bikes-de.jpg"
"Gourmetfleisch Germany","DE","food-and-drink","EUR","15; 25; 50","7","3 years","https://assets.tillo.io/images/brands/vouchers/330x214/gourmetfleisch-de.jpg"
"konfetti Germany","DE","beauty; books; craft; music; travel-and-leisure","EUR","25; 50; 100","7","30 months","https://assets.tillo.io/images/brands/vouchers/330x214/konfetti-de.jpg"
"RTL+ Germany","DE","gaming","EUR","15; 25; 50","6","35 months","https://assets.tillo.io/images/brands/vouchers/330x214/rtl-de.jpg"
"Urban","GB","travel-and-leisure","GBP","10; 25; 50; 100; 250","10","12 months after date of purchase","https://assets.tillo.io/images/brands/vouchers/330x214/urban-massage.jpg"
"AirlineGift","GB","travel-and-leisure","GBP","50; 100; 250; 500; 1000; 2000; 3000; 4000; 5000","7.5","12 months from activation or last use","https://assets.tillo.io/images/brands/vouchers/330x214/airlinegift.jpg"
"Spotify Italy","IT","music","EUR","11; 33; 66","5","12 months","https://assets.tillo.io/images/brands/vouchers/330x214/spotify-it.jpg"
"Rituals Germany","DE","beauty; home","EUR","10; 25; 50; 100","10","No expiry","https://assets.tillo.io/images/brands/vouchers/330x214/rituals-de.jpg"
"The Hotel Card","GB","travel-and-leisure","GBP","25; 50; 100; 250","12.5","5 years. Expiry date can be extended. Expired cards can be re-activated.","https://assets.tillo.io/images/brands/vouchers/330x214/the-hotel-card.jpg"
"TOYS CENTER Italy","IT","toys","EUR","25; 50; 100","6","12 months","https://assets.tillo.io/images/brands/vouchers/330x214/toys-center-it.jpg"
"Footasylum","GB","fashion","GBP","10; 25; 50; 100; 250","5","12 Months from activation","https://assets.tillo.io/images/brands/vouchers/330x214/footasylum.jpg"
"Cineworld UK","GB","travel-and-leisure; tv-and-movies","GBP","10; 25; 50; 100; 250","10","12 months from purchase","https://assets.tillo.io/images/brands/vouchers/330x214/cineworld-uk.jpg"
"NaturaSi Italy","IT","food-and-drink; supermarket","EUR","25; 50; 100; 200; 500","3.5","12 months","https://assets.tillo.io/images/brands/vouchers/330x214/naturasi-it.jpg"
"Domino's Pizza Germany","DE","food-and-drink","EUR","10; 15; 25; 50","12","32 months","https://assets.tillo.io/images/brands/vouchers/330x214/dominos-pizza-de.jpg"
"Ravensburger Germany","DE","baby; toys","EUR","10; 15; 25; 50","7","3 years","https://assets.tillo.io/images/brands/vouchers/330x214/ravensburger-de.jpg"
"Decathlon Belgium","BE","fashion; sports","EUR","10; 20; 50; 100","3","No Expiry","https://assets.tillo.io/images/brands/vouchers/330x214/decathlon-be.jpg"
"lastminute.com Italy Travel Gift Card","IT","","EUR","10; 25; 50; 100; 250; 500; 1000; 2000; 3000; 4000","2.35","12 months from activation date","https://assets.tillo.io/images/brands/vouchers/330x214/last-minute-it.jpg"
"Lieferando Austria","AT","food-and-drink","EUR","10; 25; 50; 100","5.5","N/A","https://assets.tillo.io/images/brands/vouchers/330x214/lieferando-at.jpg"
"DERTOUR Reisebüro Germany","DE","craft; travel-and-leisure","EUR","15; 25; 50; 100; 150","5","30 months","https://assets.tillo.io/images/brands/vouchers/330x214/dertour-reiseburo-de.jpg"
"The Vegan Gift Card","GB","fashion; food-and-drink; home; other","GBP","10; 25; 50; 100; 250","6","18 months after date of purchase","https://assets.tillo.io/images/brands/vouchers/330x214/the-vegan-gift-card-uk.jpg"
"fitnessRAUM.de Germany","DE","sports","EUR","10; 25; 50; 75","14","2 years","https://assets.tillo.io/images/brands/vouchers/330x214/fitnessraum-de.jpg"
"HelloFresh Germany","DE","food-and-drink; sports","EUR","10; 15; 25; 50; 100; 150","9","30 months","https://assets.tillo.io/images/brands/vouchers/330x214/hellofresh-de.jpg"
"Herrenausstatter.de Germany","DE","fashion; jewellery","EUR","10; 15; 25; 50; 100","7","30 months","https://assets.tillo.io/images/brands/vouchers/330x214/herrenausstatter-de.jpg"
"SportPlus Germany","DE","sports","EUR","25; 50; 100","9","30 months","https://assets.tillo.io/images/brands/vouchers/330x214/sportplus-de.jpg"
"Butlins by Inspire","GB","travel-and-leisure","GBP","10; 25; 50; 100; 250; 500; 1000; 2000; 3000","6","18 months from date of issue","https://assets.tillo.io/images/brands/vouchers/330x214/inspire-butlins.jpg"
"Rituals Italy","IT","beauty; home","EUR","10; 25; 50; 100","10","No expiry","https://assets.tillo.io/images/brands/vouchers/330x214/rituals-it.jpg"
"MANGO France","FR","fashion","EUR","25; 50","9","2 years","https://assets.tillo.io/images/brands/vouchers/330x214/mango-fr.jpg"
"Dagje uit Cadeaukaart Europe","NL","sports; travel-and-leisure","EUR","10; 25; 50; 100","14","2 Years","https://assets.tillo.io/images/brands/vouchers/330x214/dagje-uit-cadeaukaart-eur.jpg"
"RentacarGift EU","AT; BE; FI; FR; IT; NL; ES","cars","EUR","50; 100; 250; 500; 1000; 2000; 3000; 4000; 5000","7.5","12 months from activation or last use","https://assets.tillo.io/images/brands/vouchers/330x214/rentacargift-eu.jpg"
"Decathlon","GB","fashion; sports","GBP","10; 25; 50; 100; 250","6","2 years from activation","https://assets.tillo.io/images/brands/vouchers/330x214/decathlon.jpg"
"Azteco Bitcoin Voucher - Lightning EUR","IE; AT; BE; CY; CZ; DK; EE; FI; FR; DE; GR; HU; IT; LV; LT; LU; MT; NL; PL; PT; RO; SK; SI; ES; SE","cryptocurrency","EUR","10; 25; 50; 100; 250; 500","7","30 days from issue","https://assets.tillo.io/images/brands/vouchers/330x214/azteco-eur.jpg"
"Travelgift","GB","travel-and-leisure","GBP","10; 25; 50; 100; 250; 500; 1000","5","24 months from purchase","https://assets.tillo.io/images/brands/vouchers/330x214/gift-cards-four-travel.jpg"
"Philips Hue Germany","DE","electronics; home","EUR","15; 25; 50; 100; 150","13","30 months","https://assets.tillo.io/images/brands/vouchers/330x214/philips-hue-de.jpg"
"BAUR Germany","DE","fashion; jewellery","EUR","10; 15; 25; 50; 100","4","3 years","https://assets.tillo.io/images/brands/vouchers/330x214/baur-de.jpg"
"Purelei Germany","DE","fashion; jewellery","EUR","15; 20; 25; 50; 100","5","3 years","https://assets.tillo.io/images/brands/vouchers/330x214/purelei-de.jpg"
"Lindt Germany","DE","food-and-drink","EUR","15; 20; 25; 50","14","3 years","https://assets.tillo.io/images/brands/vouchers/330x214/lindt-de.jpg"
"ToursGift","GB","travel-and-leisure","GBP","50; 100; 250; 500; 1000; 2000; 3000; 4000; 5000","7.5","12 months from activation or last use","https://assets.tillo.io/images/brands/vouchers/330x214/toursgift.jpg"
"IKEA Germany","DE","home","EUR","10; 15; 20; 25; 30; 40; 44; 50; 100; 200; 500","7","3 years","https://assets.tillo.io/images/brands/vouchers/330x214/ikea-de.jpg"
"TripGift","GB","travel-and-leisure","GBP","50; 100; 250; 500; 1000; 2000; 3000; 4000; 5000","7.5","12 months from first use for GBP & EUR & 60 months from first use for USD","https://assets.tillo.io/images/brands/vouchers/330x214/tripgift.jpg"
"Smartbox Italy","IT","travel-and-leisure","EUR","25; 50; 100","11","12 months","https://assets.tillo.io/images/brands/vouchers/330x214/smartbox-it.jpg"
"Despar Italy","IT","supermarket","EUR","10; 20; 50; 100","2","6 months","https://assets.tillo.io/images/brands/vouchers/330x214/despar-it.jpg"
"Louis Motorrad Germany","DE","cars; sports","EUR","10; 25; 44; 50; 100","9","20 months","https://assets.tillo.io/images/brands/vouchers/330x214/louis-motorrad-de.jpg"
"Roadhouse Italy","IT","","EUR","25; 50; 100","6","12 months","https://assets.tillo.io/images/brands/vouchers/330x214/roadhouse-it.jpg"
"TortenPrima Germany","DE","food-and-drink","EUR","10; 15; 20; 50","14","3 years","https://assets.tillo.io/images/brands/vouchers/330x214/tortenprima-de.jpg"
"FNAC Portugal","PT","department-store","EUR","10; 50; 100","0.5","12 Months","https://assets.tillo.io/images/brands/vouchers/330x214/fnac-pt.jpg"
"Salmoiraghi & Vigano' Italy","IT","fashion","EUR","10; 25; 50; 100; 150","5","12 months","https://assets.tillo.io/images/brands/vouchers/330x214/salmoiraghi-and-vigano-it.jpg"
"Bennet Italy","IT","supermarket","EUR","10; 25; 50; 100","3","18 months","https://assets.tillo.io/images/brands/vouchers/330x214/bennet-it.jpg"
"MediaWorld Italy","IT","electronics","EUR","10; 20; 25; 50; 100; 200","1","12 months","https://assets.tillo.io/images/brands/vouchers/330x214/mediaworld-it.jpg"
"Aral Germany","DE","cars","EUR","10; 15; 20; 25; 44; 50; 100","0.5","3 years","https://assets.tillo.io/images/brands/vouchers/330x214/aral-de.jpg"
"Deliveroo Italy","IT","food-and-drink","EUR","25; 50; 100","5","12 months from activation. Must redeem AND spend by expiry.","https://assets.tillo.io/images/brands/vouchers/330x214/deliveroo-it.jpg"
"Rituals France","FR","beauty; home","EUR","10; 25; 50; 100","10","No expiry","https://assets.tillo.io/images/brands/vouchers/330x214/rituals-fr.jpg"
"Dots.eco - Buy 10 sqf of Land for Nature Reserve EUR","IE; AT; BE; HR; CY; EE; FI; FR; DE; GR; IT; LV; LT; LU; MT; NL; PT; SK; SI; ES","charity","EUR","10; 25; 50; 100; 250; 500; 1000; 2000; 3000; 4000; 5000","29.65","N/A","https://assets.tillo.io/images/brands/vouchers/330x214/buy-land-for-nature-reserve-eur.jpg"
"GALP Portugal","PT","other","EUR","10; 15; 20; 30","0.5","12 Months","https://assets.tillo.io/images/brands/vouchers/330x214/galp-pt.jpg"
"Loveco Germany","DE","fashion; jewellery","EUR","10; 15; 25; 50","9","30 months","https://assets.tillo.io/images/brands/vouchers/330x214/loveco-de.jpg"
"Milano","IE","food-and-drink","EUR","10; 25; 50; 100; 250; 500","9","5 years","https://assets.tillo.io/images/brands/vouchers/330x214/milano.jpg"
"Thuisbezorgd","NL","food-and-drink","EUR","10; 25; 50; 100","5.5","12 months after purchase","https://assets.tillo.io/images/brands/vouchers/330x214/just-eat-nl.jpg"
"babymarkt Germany","DE","fashion; jewellery","EUR","10; 15; 25; 50; 100","6","3 years","https://assets.tillo.io/images/brands/vouchers/330x214/babymarkt-de.jpg"
"Jacques Wein-Depot Germany","DE","food-and-drink","EUR","10; 15; 20; 25; 44; 50","14","3 years","https://assets.tillo.io/images/brands/vouchers/330x214/jacques-wein-depot-de.jpg"
"Intimissimi Italy","IT","fashion","EUR","30; 50; 70; 100","4","36 months from purchase","https://assets.tillo.io/images/brands/vouchers/330x214/intimissimi.jpg"
"Great British Pub","GB","food-and-drink","GBP","10; 25; 50; 100; 250","10","1 year from last use","https://assets.tillo.io/images/brands/vouchers/330x214/gb-pub.jpg"
"eLearnGift","GB","other","GBP","50; 100; 250; 500; 1000; 2000; 3000; 4000; 5000","7.5","12 months from activation or last use","https://assets.tillo.io/images/brands/vouchers/330x214/elearngift.jpg"
"lastminute.com Holiday Gift Card UK","GB","travel-and-leisure","GBP","10; 25; 50; 100; 250; 500; 1000; 2000; 3000; 4000","5","12 months from activation","https://assets.tillo.io/images/brands/vouchers/330x214/holiday-gift-card-uk.jpg"
"Iper Italy","IT","supermarket","EUR","10; 25; 50; 100; 150; 200","3","12 months","https://assets.tillo.io/images/brands/vouchers/330x214/iper-it.jpg"
"eLearnGift DE","DE","","EUR","50; 100; 250; 500; 1000; 2000; 3000; 4000; 5000","7.5","3 years from activation or last use","https://assets.tillo.io/images/brands/vouchers/330x214/elearngift-de.jpg"
"Deliveroo Belgium","BE","food-and-drink","EUR","25; 50; 100","5","12 months from activation. Must redeem AND spend by expiry.","https://assets.tillo.io/images/brands/vouchers/330x214/deliveroo-be.jpg"
"Total Germany","DE","cars","EUR","10; 25; 50; 75; 100","0.25","3 years","https://assets.tillo.io/images/brands/vouchers/330x214/total-de.jpg"
"Calzedonia Slovakia","SK","fashion","EUR","30; 50; 70; 100","7","3 years for end code but 1 year for Amilon's link","https://assets.tillo.io/images/brands/vouchers/330x214/calzedonia-sk.jpg"
"Sports Direct","GB","fashion; sports","GBP","10; 25; 50; 100","5","Valid for 24 Months","https://assets.tillo.io/images/brands/vouchers/330x214/sports-direct.jpg"
"Dots.eco - Plant a tree where needed the most UK","GB","charity","GBP","10; 25; 50; 100; 250; 500; 1000; 2000; 3000; 4000; 5000","38","N/A","https://assets.tillo.io/images/brands/vouchers/330x214/plant-a-tree-uk.jpg"
"Mango Germany","DE","fashion; jewellery","EUR","25; 50","4","Unlimited","https://assets.tillo.io/images/brands/vouchers/330x214/mango-de.jpg"
"FlystayGift","GB","travel-and-leisure","GBP","50; 100; 250; 500; 1000; 2000; 3000; 4000; 5000","7.5","12 months from activation or last use","https://assets.tillo.io/images/brands/vouchers/330x214/flystaygift.jpg"
"Intimissimi Slovakia","SK","fashion","EUR","30; 50; 70; 100","5.5","3 years for end code but 1 year for Amilon's link","https://assets.tillo.io/images/brands/vouchers/330x214/intimissimi-sk.jpg"
"Zara Spain","ES","fashion","EUR","25; 50; 100; 150; 250","1","No expiry","https://assets.tillo.io/images/brands/vouchers/330x214/zara-es.jpg"
"Matalan","GB","baby; fashion; home; toys","GBP","10; 25; 50; 100","9.5","24 months from activation.","https://assets.tillo.io/images/brands/vouchers/330x214/matalan.jpg"
"Dots.eco - Clean 1 LB of Ocean Plastic EUR","IE; AT; BE; HR; CY; EE; FI; FR; DE; GR; IT; LV; LT; LU; MT; NL; PT; SK; SI; ES","charity","EUR","10; 25; 50; 100; 250; 500; 1000; 2000; 3000; 4000; 5000","29.65","N/A","https://assets.tillo.io/images/brands/vouchers/330x214/clean-ocean-plastic-eur.jpg"
"Ernest Jones","GB","jewellery","GBP","10; 25; 50; 100; 250; 500; 1000; 2000","7.5","24 months of consecutive non-use","https://assets.tillo.io/images/brands/vouchers/330x214/ernestjones.jpg"
"Animod Germany","DE","craft; travel-and-leisure","EUR","15; 25; 50; 100","4.5","3 years","https://assets.tillo.io/images/brands/vouchers/330x214/animod-de.jpg"
"Rituals Luxembourg","LU","beauty; home","EUR","10; 25; 50; 100","10","No expiry","https://assets.tillo.io/images/brands/vouchers/330x214/rituals-lu.jpg"
"L'ERBOLARIO Italy","IT","beauty","EUR","10; 25; 50","4.5","6 months","https://assets.tillo.io/images/brands/vouchers/330x214/lerbolario-it.jpg"
"Tchibo Germany","DE","baby; fashion; electronics; home; jewellery; sports; toys","EUR","10; 15; 20; 25; 44; 50","7","2 years","https://assets.tillo.io/images/brands/vouchers/330x214/tchibo-de.jpg"
"TheFork France","FR","food-and-drink","EUR","25; 50; 100","4.5","18 Months","https://assets.tillo.io/images/brands/vouchers/330x214/thefork-fr.jpg"
"Rituals Belgium","BE","beauty; home","EUR","10; 25; 50; 100","10","No expiry","https://assets.tillo.io/images/brands/vouchers/330x214/rituals-be.jpg"
"Eckerle Germany","DE","fashion; jewellery","EUR","10; 15; 25; 50; 100","9","30 months","https://assets.tillo.io/images/brands/vouchers/330x214/eckerle-de.jpg"
"Hobbycraft","GB","craft","GBP","10; 25; 50; 100","9","24 months from date of issue","https://assets.tillo.io/images/brands/vouchers/330x214/hobbycraft.jpg"
"Innkeeper's Lodge","GB","food-and-drink","GBP","10; 25; 50; 100; 250","12","2 years from last load.","https://assets.tillo.io/images/brands/vouchers/330x214/innkeepers.jpg"
"Stonehouse","GB","food-and-drink","GBP","10; 25; 50; 100; 250","12","2 years from last load.","https://assets.tillo.io/images/brands/vouchers/330x214/stonehouse.jpg"
"Leuchtturm Germany","DE","baby; craft; electronics; toys; travel-and-leisure","EUR","10; 20; 50","14","30 months","https://assets.tillo.io/images/brands/vouchers/330x214/leuchtturm-de.jpg"
"FloraPrima Germany","DE","home","EUR","10; 15; 20; 25; 50","14","3 years","https://assets.tillo.io/images/brands/vouchers/330x214/floraprima-de.jpg"
"The Charity Shop Gift Card UK","GB","books; charity; fashion; electronics; home; music; toys","GBP","25; 50; 100; 250; 500; 1000","9","24 months after first activation","https://assets.tillo.io/images/brands/vouchers/330x214/the-charity-shop-gift-card-uk.jpg"
"ToursGift IE","IE","travel-and-leisure","EUR","50; 100; 250; 500; 1000; 2000; 3000; 4000; 5000","7.5","60 months from activation or last use","https://assets.tillo.io/images/brands/vouchers/330x214/toursgift-ie.jpg"
"Morrisons","GB","supermarket","GBP","10; 25; 50; 100; 250; 500","3","12 months from initial activation","https://assets.tillo.io/images/brands/vouchers/330x214/morrisons.jpg"